recording,frame,true_step_3,true_step_6,true_step_9,true_step_15,true_step_18,true_step_21,true_step_24,true_step_27,true_step_30,pred_step_3,pred_step_6,pred_step_9,pred_step_15,pred_step_18,pred_step_21,pred_step_24,pred_step_27,pred_step_30,prob_step_3,prob_step_6,prob_step_9,prob_step_15,prob_step_18,prob_step_21,prob_step_24,prob_step_27,prob_step_30
27_assy_0_1,000000.jpg,0,0,0,0,0,0,0,0,0,1,1,1,1,1,0,0,0,1,0.9953844,0.9953844,0.9977247,0.9990343,0.99919504,0.02339709,0.02339709,0.0065133874,0.564266
27_assy_0_1,000005.jpg,0,0,0,0,0,0,0,0,0,1,1,1,1,1,0,0,0,0,0.85709393,0.85709393,0.9451116,0.99925,0.9714626,0.0014100147,0.0014100147,0.0012482693,0.030101199
27_assy_0_1,000010.jpg,0,0,0,0,0,0,0,0,0,1,1,1,1,1,0,0,0,0,0.8627282,0.8627282,0.95367736,0.99977106,0.955669,0.0042028567,0.0042028567,0.001968864,0.03464063
27_assy_0_1,000015.jpg,0,0,0,0,0,0,0,0,0,1,1,1,1,1,0,0,0,0,0.8974551,0.8974551,0.9544739,0.99982625,0.95467585,0.008618074,0.008618074,0.0022311925,0.032067277
27_assy_0_1,000020.jpg,0,0,0,0,0,0,0,0,0,1,1,1,1,1,0,0,0,0,0.92329097,0.92329097,0.95609486,0.99985015,0.95011437,0.00815215,0.00815215,0.0018049241,0.025978966
27_assy_0_1,000025.jpg,0,0,0,0,0,0,0,0,0,1,1,1,1,1,0,0,0,0,0.93548506,0.93548506,0.9560138,0.9998435,0.9470937,0.009041732,0.009041732,0.0014561163,0.025596261
27_assy_0_1,000030.jpg,0,0,0,0,0,0,0,0,0,1,1,1,1,1,0,0,0,0,0.92216605,0.92216605,0.9452927,0.9997801,0.92957145,0.012311137,0.012311137,0.0013600341,0.027958708
27_assy_0_1,000035.jpg,0,0,0,0,0,0,0,0,0,1,1,1,1,1,0,0,0,0,0.9464192,0.9464192,0.95892656,0.999798,0.94529176,0.015454023,0.015454023,0.00147355,0.032528546
27_assy_0_1,000040.jpg,0,0,0,0,0,0,0,0,0,1,1,1,1,1,0,0,0,0,0.94641906,0.94641906,0.95082027,0.9997793,0.93161935,0.012161552,0.012161552,0.0011875916,0.025759645
27_assy_0_1,000045.jpg,0,0,0,0,0,0,0,0,0,1,1,1,1,1,0,0,0,0,0.928209,0.928209,0.928921,0.9996798,0.8944535,0.007886278,0.007886278,0.0011277738,0.015419361
27_assy_0_1,000050.jpg,0,0,0,0,0,0,0,0,0,1,1,1,1,1,0,0,0,0,0.9432979,0.9432979,0.9036601,0.99947184,0.83445543,0.0035201001,0.0035201001,0.0006176317,0.01002602
27_assy_0_1,000055.jpg,0,0,0,0,0,0,0,0,0,1,1,1,1,1,0,0,0,0,0.9133192,0.9133192,0.83638483,0.99832755,0.6909475,0.005533782,0.005533782,0.0009875223,0.013510002
27_assy_0_1,000060.jpg,0,0,0,0,0,0,0,0,0,1,1,1,1,0,0,0,0,0,0.848247,0.848247,0.7191007,0.9951953,0.4928164,0.0044950284,0.0044950284,0.0010024107,0.012571599
27_assy_0_1,000065.jpg,0,0,0,0,0,0,0,0,0,1,1,1,1,0,0,0,0,0,0.6925304,0.6925304,0.52358973,0.9823747,0.26224375,0.002681756,0.002681756,0.00091928337,0.0131122405
27_assy_0_1,000070.jpg,0,0,0,0,0,0,0,0,0,0,0,0,1,0,0,0,0,0,0.43636566,0.43636566,0.27176544,0.9298531,0.08784573,0.0016948566,0.0016948566,0.0008367311,0.011096616
27_assy_0_1,000075.jpg,0,0,0,0,0,0,0,0,0,0,0,0,1,0,0,0,0,0,0.26574266,0.26574266,0.15601647,0.8183397,0.038927574,0.0011055645,0.0011055645,0.0008092985,0.009568076
27_assy_0_1,000080.jpg,0,0,0,0,0,0,0,0,0,0,0,0,1,0,0,0,0,0,0.23012555,0.23012555,0.13619953,0.7450967,0.029375454,0.0012284425,0.0012284425,0.0010814695,0.009078026
27_assy_0_1,000085.jpg,0,0,0,0,0,0,0,0,0,0,0,0,0,0,0,0,0,0,0.12858023,0.12858023,0.041548207,0.4633218,0.00868182,0.001171037,0.001171037,0.0012715735,0.008534807
27_assy_0_1,000090.jpg,0,0,0,0,0,0,0,0,0,0,0,0,0,0,0,0,0,0,0.08308234,0.08308234,0.027292956,0.2835692,0.0059407824,0.0026216754,0.0026216754,0.0026912407,0.012861393
27_assy_0_1,000095.jpg,0,0,0,0,0,0,0,0,0,0,0,0,0,0,0,0,0,0,0.10132949,0.10132949,0.04567271,0.39135653,0.013164563,0.008629896,0.008629896,0.0053903502,0.022270052
27_assy_0_1,000100.jpg,0,0,0,0,0,0,0,0,0,0,0,0,0,0,0,0,0,0,0.118961796,0.118961796,0.0847809,0.48507395,0.029369906,0.02136007,0.02136007,0.009524928,0.029382166
27_assy_0_1,000105.jpg,0,0,0,0,0,0,0,0,0,0,0,0,1,0,0,0,0,0,0.15989144,0.15989144,0.17206737,0.6524543,0.073848575,0.04984482,0.04984482,0.017234344,0.045154218
27_assy_0_1,000110.jpg,0,0,0,0,0,0,0,0,0,0,0,0,1,0,0,0,0,0,0.2551468,0.2551468,0.31734768,0.7529858,0.1845659,0.09133959,0.09133959,0.033407513,0.046011094
27_assy_0_1,000115.jpg,0,0,0,0,0,0,0,0,0,0,0,0,1,0,0,0,0,0,0.30846786,0.30846786,0.4977171,0.89535165,0.38139674,0.15766214,0.15766214,0.040828906,0.026533691
27_assy_0_1,000120.jpg,0,0,0,0,0,0,0,0,0,0,0,1,1,1,0,0,0,0,0.3877951,0.3877951,0.7209806,0.96554506,0.688179,0.33929986,0.33929986,0.07065112,0.022223594
27_assy_0_1,000125.jpg,0,0,0,0,0,0,0,0,0,1,1,1,1,1,1,1,0,0,0.58342046,0.58342046,0.8870621,0.99094194,0.892835,0.63783944,0.63783944,0.1539043,0.017009554
27_assy_0_1,000130.jpg,0,0,0,0,0,0,0,0,0,1,1,1,1,1,1,1,0,0,0.6770488,0.6770488,0.92152005,0.993346,0.9284529,0.71987754,0.71987754,0.206181,0.0123873195
27_assy_0_1,000135.jpg,0,0,0,0,0,0,0,0,0,1,1,1,1,1,1,1,0,0,0.76375234,0.76375234,0.9714804,0.9974058,0.97479546,0.8060737,0.8060737,0.26406497,0.008953229
27_assy_0_1,000140.jpg,0,0,0,0,0,0,0,0,0,1,1,1,1,1,1,1,0,0,0.8012147,0.8012147,0.9848932,0.9981275,0.9860449,0.8276368,0.8276368,0.30904856,0.007981369
27_assy_0_1,000145.jpg,0,0,0,0,0,0,0,0,0,1,1,1,1,1,1,1,0,0,0.78000027,0.78000027,0.9839072,0.9972281,0.98385286,0.7993174,0.7993174,0.36329865,0.009146266
27_assy_0_1,000150.jpg,0,0,0,0,0,0,0,0,0,1,1,1,1,1,1,1,0,0,0.77940583,0.77940583,0.9847933,0.9969739,0.9857054,0.7066152,0.7066152,0.28833082,0.005939042
27_assy_0_1,000155.jpg,0,0,0,0,0,0,0,0,0,1,1,1,1,1,1,1,0,0,0.8377349,0.8377349,0.98886347,0.99740714,0.9881396,0.64193463,0.64193463,0.31763536,0.0042901733
27_assy_0_1,000160.jpg,0,0,0,0,0,0,0,0,0,1,1,1,1,1,0,0,0,0,0.8225976,0.8225976,0.9894091,0.9963924,0.98803174,0.41020963,0.41020963,0.20855767,0.0044235433
27_assy_0_1,000165.jpg,0,0,0,0,0,0,0,0,0,1,1,1,1,1,0,0,0,0,0.8531993,0.8531993,0.99118465,0.99601656,0.9894183,0.30833894,0.30833894,0.21948847,0.0046905633
27_assy_0_1,000170.jpg,0,0,0,0,0,0,0,0,0,1,1,1,1,1,0,0,0,0,0.79032737,0.79032737,0.9851246,0.993856,0.981009,0.22155267,0.22155267,0.181871,0.006161699
27_assy_0_1,000175.jpg,0,0,0,0,0,0,0,0,0,1,1,1,1,1,0,0,0,0,0.6934272,0.6934272,0.97379524,0.9882168,0.96456903,0.120807864,0.120807864,0.1178948,0.008161612
27_assy_0_1,000180.jpg,0,0,0,0,0,0,0,0,0,1,1,1,1,1,0,0,0,0,0.5073415,0.5073415,0.94318104,0.9805382,0.91712004,0.0572245,0.0572245,0.062381655,0.008580498
27_assy_0_1,000185.jpg,0,0,0,0,0,0,0,0,0,0,0,1,1,1,0,0,0,0,0.48326018,0.48326018,0.9463423,0.98072916,0.9165802,0.05169827,0.05169827,0.04577574,0.012926366
27_assy_0_1,000190.jpg,0,0,0,0,0,0,0,0,0,0,0,1,1,1,0,0,0,0,0.45700708,0.45700708,0.95753753,0.9900913,0.9500242,0.059914745,0.059914745,0.032246053,0.014389137
27_assy_0_1,000195.jpg,0,0,0,0,0,0,0,0,0,0,0,1,1,1,0,0,0,0,0.43927813,0.43927813,0.9700809,0.99440455,0.9660591,0.040833894,0.040833894,0.025195641,0.015460191
27_assy_0_1,000200.jpg,0,0,0,0,0,0,0,0,0,0,0,1,1,1,0,0,0,0,0.48981437,0.48981437,0.98310435,0.9963595,0.9790678,0.050535776,0.050535776,0.026764147,0.021588651
27_assy_0_1,000205.jpg,0,0,0,0,0,0,0,0,0,0,0,1,1,1,0,0,0,0,0.40924215,0.40924215,0.9759921,0.9955591,0.9707236,0.07811258,0.07811258,0.028937334,0.022608787
27_assy_0_1,000210.jpg,0,0,0,0,0,0,0,0,0,0,0,1,1,1,0,0,0,0,0.41090503,0.41090503,0.9745602,0.99546224,0.96784055,0.10038593,0.10038593,0.03451012,0.023723986
27_assy_0_1,000215.jpg,0,0,0,0,0,0,0,0,0,0,0,1,1,1,0,0,0,0,0.38897118,0.38897118,0.976962,0.9955765,0.9716304,0.23679945,0.23679945,0.06179166,0.038458478
27_assy_0_1,000220.jpg,0,0,0,0,0,0,0,0,0,1,1,1,1,1,0,0,0,0,0.53953,0.53953,0.98931086,0.99733585,0.9893611,0.29684043,0.29684043,0.09611781,0.035774913
27_assy_0_1,000225.jpg,0,0,0,0,0,0,0,0,0,1,1,1,1,1,0,0,0,0,0.59482235,0.59482235,0.9938351,0.9976043,0.9948774,0.4250535,0.4250535,0.1537303,0.029477984
27_assy_0_1,000230.jpg,0,0,0,0,0,0,0,0,0,1,1,1,1,1,0,0,0,0,0.59599084,0.59599084,0.99466753,0.9934534,0.99632,0.48377913,0.48377913,0.19311337,0.021174708
27_assy_0_1,000235.jpg,0,0,0,0,0,0,0,0,0,1,1,1,1,1,0,0,0,0,0.55777216,0.55777216,0.99359107,0.9901833,0.99604934,0.43294558,0.43294558,0.23527431,0.014851693
27_assy_0_1,000240.jpg,0,0,0,0,0,0,0,0,0,1,1,1,1,1,0,0,0,0,0.5392709,0.5392709,0.9915366,0.9839766,0.99478346,0.46769786,0.46769786,0.42622787,0.012028111
27_assy_0_1,000245.jpg,0,0,0,0,0,0,0,0,0,1,1,1,1,1,0,0,0,0,0.5567618,0.5567618,0.98985416,0.9753676,0.9944165,0.428157,0.428157,0.31489873,0.010246673
27_assy_0_1,000250.jpg,1,1,0,0,0,0,0,0,0,0,0,1,1,1,0,0,0,0,0.45396066,0.45396066,0.98325527,0.9559909,0.9912589,0.30342662,0.30342662,0.18653135,0.008573172
27_assy_0_1,000255.jpg,1,1,0,0,0,0,0,0,0,1,1,1,1,1,0,0,0,0,0.52165645,0.52165645,0.98758334,0.96412647,0.9940486,0.1552483,0.1552483,0.097300395,0.008430434
27_assy_0_1,000260.jpg,1,1,0,0,0,0,0,0,0,1,1,1,1,1,0,0,0,0,0.6001173,0.6001173,0.99212897,0.9745241,0.996899,0.14764842,0.14764842,0.071973026,0.008914994
27_assy_0_1,000265.jpg,1,1,0,0,0,0,0,0,0,1,1,1,1,1,0,0,0,0,0.73746055,0.73746055,0.99342257,0.96833616,0.9973295,0.12591247,0.12591247,0.0710461,0.011241307
27_assy_0_1,000270.jpg,1,1,0,0,0,0,0,0,0,1,1,1,1,1,0,0,0,0,0.8239449,0.8239449,0.99528605,0.9667671,0.99790287,0.23154959,0.23154959,0.11094034,0.016364634
27_assy_0_1,000275.jpg,1,1,0,0,0,0,0,0,0,1,1,1,1,1,0,0,0,0,0.9050669,0.9050669,0.9969098,0.9720544,0.9983785,0.33298218,0.33298218,0.18090454,0.020476831
27_assy_0_1,000280.jpg,1,1,0,0,0,0,0,0,0,1,1,1,1,1,0,0,0,0,0.96592003,0.96592003,0.99858487,0.9901834,0.99913776,0.43153974,0.43153974,0.24680471,0.025505524
27_assy_0_1,000285.jpg,1,1,0,0,0,0,0,0,0,1,1,1,1,1,0,0,0,0,0.9829639,0.9829639,0.999054,0.9930936,0.9993697,0.29836074,0.29836074,0.15826368,0.024371749
27_assy_0_1,000290.jpg,1,1,0,0,0,0,0,0,0,1,1,1,1,1,0,0,0,0,0.992761,0.992761,0.9995447,0.99633056,0.99966884,0.21863239,0.21863239,0.0726938,0.03151383
27_assy_0_1,000295.jpg,1,1,0,0,0,0,0,0,0,1,1,1,1,1,0,0,0,0,0.9956487,0.9956487,0.99971086,0.99801105,0.9997818,0.2573884,0.2573884,0.08604886,0.03882183
27_assy_0_1,000300.jpg,1,1,0,0,0,0,0,0,0,1,1,1,1,1,0,0,0,0,0.9973591,0.9973591,0.9997173,0.99864525,0.9997608,0.35682973,0.35682973,0.13185945,0.04707607
27_assy_0_1,000305.jpg,1,1,0,0,0,0,0,0,0,1,1,1,1,1,0,0,0,0,0.99848914,0.99848914,0.99977046,0.99908495,0.9998111,0.4779201,0.4779201,0.18669483,0.056606587
27_assy_0_1,000310.jpg,1,1,0,0,0,0,0,0,0,1,1,1,1,1,1,1,0,0,0.9993586,0.9993586,0.99981695,0.9994123,0.9998543,0.5202134,0.5202134,0.21735762,0.049224503
27_assy_0_1,000315.jpg,1,1,0,0,0,0,0,0,0,1,1,1,1,1,1,1,0,0,0.9995233,0.9995233,0.9998529,0.99976224,0.99989223,0.55370724,0.55370724,0.20353475,0.040248487
27_assy_0_1,000320.jpg,1,1,0,0,0,0,0,0,0,1,1,1,1,1,0,0,0,0,0.99961543,0.99961543,0.9998716,0.9998673,0.999905,0.47603977,0.47603977,0.15001032,0.03722074
27_assy_0_1,000325.jpg,1,1,0,0,0,0,0,0,0,1,1,1,1,1,0,0,0,0,0.9996331,0.9996331,0.9998634,0.9999267,0.9998981,0.2519665,0.2519665,0.05039169,0.039681364
27_assy_0_1,000330.jpg,1,1,0,0,0,0,0,0,0,1,1,1,1,1,0,0,0,0,0.9995478,0.9995478,0.999803,0.99995005,0.9998597,0.11509917,0.11509917,0.021351783,0.025887433
27_assy_0_1,000335.jpg,1,1,0,0,0,0,0,0,0,1,1,1,1,1,0,0,0,0,0.99945146,0.99945146,0.999762,0.999959,0.9998211,0.089100376,0.089100376,0.014209976,0.019738074
27_assy_0_1,000340.jpg,1,1,0,0,0,0,0,0,0,1,1,1,1,1,0,0,0,0,0.9990978,0.9990978,0.99968755,0.9999651,0.99975985,0.06463453,0.06463453,0.009678796,0.015143823
27_assy_0_1,000345.jpg,1,1,0,0,0,0,0,0,0,1,1,1,1,1,0,0,0,0,0.9987437,0.9987437,0.99952495,0.99995756,0.99962556,0.06775941,0.06775941,0.010969139,0.011779552
27_assy_0_1,000350.jpg,1,1,0,0,0,0,0,0,0,1,1,1,1,1,0,0,0,0,0.998611,0.998611,0.99953353,0.99996257,0.99963963,0.06173692,0.06173692,0.011490062,0.010356597
27_assy_0_1,000355.jpg,1,1,0,0,0,0,0,0,0,1,1,1,1,1,0,0,0,0,0.99832314,0.99832314,0.9993988,0.99995506,0.9995383,0.028665751,0.028665751,0.00712752,0.0076412368
27_assy_0_1,000360.jpg,1,1,0,0,0,0,0,0,0,1,1,1,1,1,0,0,0,0,0.9978225,0.9978225,0.9993135,0.99996006,0.99949765,0.018491251,0.018491251,0.0052278717,0.00683735
27_assy_0_1,000365.jpg,1,1,0,0,0,0,0,0,0,1,1,1,1,1,0,0,0,0,0.9975206,0.9975206,0.9990662,0.99994266,0.999342,0.0111059295,0.0111059295,0.003305387,0.0056009144
27_assy_0_1,000370.jpg,1,1,0,0,0,0,0,0,0,1,1,1,1,1,0,0,0,0,0.99640936,0.99640936,0.9984647,0.99991727,0.9989858,0.007830734,0.007830734,0.0025471202,0.0057112416
27_assy_0_1,000375.jpg,1,1,0,0,0,0,0,0,0,1,1,1,1,1,0,0,0,0,0.995484,0.995484,0.99776137,0.9998671,0.99858737,0.0073269843,0.0073269843,0.0024371,0.004826656
27_assy_0_1,000380.jpg,1,1,0,0,0,0,0,0,0,1,1,1,1,1,0,0,0,0,0.995048,0.995048,0.99691236,0.99980456,0.99811554,0.0102650365,0.0102650365,0.0033359935,0.005383367
27_assy_0_1,000385.jpg,1,1,0,0,0,0,0,0,0,1,1,1,1,1,0,0,0,0,0.9933831,0.9933831,0.9964741,0.99976224,0.9976991,0.020903775,0.020903775,0.0063787512,0.0073975218
27_assy_0_1,000390.jpg,1,1,0,0,0,0,0,0,0,1,1,1,1,1,0,0,0,0,0.9915103,0.9915103,0.9955075,0.9995493,0.9972645,0.012325276,0.012325276,0.0051659173,0.006465379
27_assy_0_1,000395.jpg,1,1,0,0,0,0,0,0,0,1,1,1,1,1,0,0,0,0,0.9910924,0.9910924,0.9960951,0.99954516,0.99754286,0.0062261885,0.0062261885,0.0031686183,0.0054972717
27_assy_0_1,000400.jpg,1,1,0,0,0,0,0,0,0,1,1,1,1,1,0,0,0,0,0.9907787,0.9907787,0.9958209,0.9993303,0.9977034,0.0032899554,0.0032899554,0.0019182714,0.0062877387
27_assy_0_1,000405.jpg,1,1,0,0,0,0,0,0,0,1,1,1,1,1,0,0,0,0,0.98476666,0.98476666,0.9926899,0.99892056,0.9959341,0.002281979,0.002281979,0.0013175538,0.0051489626
27_assy_0_1,000410.jpg,1,1,0,0,0,0,0,0,0,1,1,1,1,1,0,0,0,0,0.97241986,0.97241986,0.9869243,0.99768233,0.99272996,0.0017908274,0.0017908274,0.0011458326,0.005436655
27_assy_0_1,000415.jpg,1,1,0,0,0,0,0,0,0,1,1,1,1,1,0,0,0,0,0.9304913,0.9304913,0.9776039,0.9960658,0.98501843,0.0021456298,0.0021456298,0.0017890715,0.007992776
27_assy_0_1,000420.jpg,1,1,0,0,0,0,0,0,0,1,1,1,1,1,0,0,0,0,0.9021559,0.9021559,0.9736728,0.9949744,0.98248947,0.0027904795,0.0027904795,0.0026103994,0.01105718
27_assy_0_1,000425.jpg,1,1,0,0,0,0,0,0,0,1,1,1,1,1,0,0,0,0,0.7942876,0.7942876,0.9439872,0.98922426,0.95963895,0.0016033815,0.0016033815,0.0023254403,0.010541329
27_assy_0_1,000430.jpg,1,1,0,0,0,0,0,0,0,1,1,1,1,1,0,0,0,0,0.73831975,0.73831975,0.9412825,0.9862065,0.9545314,0.0014936648,0.0014936648,0.002600928,0.014599979
27_assy_0_1,000435.jpg,1,1,0,0,0,0,0,0,0,1,1,1,1,1,0,0,0,0,0.6877825,0.6877825,0.9234177,0.98404837,0.9446671,0.00067247654,0.00067247654,0.0013285783,0.009938633
27_assy_0_1,000440.jpg,1,1,0,0,0,0,0,0,0,1,1,1,1,1,0,0,0,0,0.60751724,0.60751724,0.899701,0.98377997,0.9125769,0.0008820296,0.0008820296,0.0014929503,0.012923556
27_assy_0_1,000445.jpg,1,1,0,0,0,0,0,0,0,1,1,1,1,1,0,0,0,0,0.51801765,0.51801765,0.8768296,0.97576296,0.88308275,0.0012335706,0.0012335706,0.001963981,0.015047674
27_assy_0_1,000450.jpg,1,1,0,0,0,0,0,0,0,0,0,1,1,1,0,0,0,0,0.41513464,0.41513464,0.7930403,0.96736264,0.77892214,0.0012817035,0.0012817035,0.0017878958,0.014131519
27_assy_0_1,000455.jpg,1,1,0,0,0,0,0,0,0,0,0,1,1,1,0,0,0,0,0.42861816,0.42861816,0.7964544,0.9605326,0.76215976,0.0017643193,0.0017643193,0.002852019,0.024193889
27_assy_0_1,000460.jpg,1,1,0,0,0,0,0,0,0,0,0,1,1,1,0,0,0,0,0.30225834,0.30225834,0.7319493,0.94003445,0.7067526,0.0021763677,0.0021763677,0.0039671888,0.029612144
27_assy_0_1,000465.jpg,1,1,0,0,0,0,0,0,0,0,0,1,1,1,0,0,0,0,0.41299316,0.41299316,0.7389155,0.9541925,0.7113226,0.0037659004,0.0037659004,0.0042164447,0.035406936
27_assy_0_1,000470.jpg,1,1,0,0,0,0,0,0,0,1,1,1,1,1,0,0,0,0,0.51291,0.51291,0.7538458,0.96609026,0.7497777,0.005145532,0.005145532,0.0047820797,0.029607225
27_assy_0_1,000475.jpg,1,1,0,0,0,0,0,0,0,1,1,1,1,1,0,0,0,0,0.7604595,0.7604595,0.91275287,0.99065876,0.92822593,0.013764357,0.013764357,0.011288452,0.049396828
27_assy_0_1,000480.jpg,1,1,0,0,0,0,0,0,0,1,1,1,1,1,0,0,0,0,0.76077795,0.76077795,0.9246187,0.99317753,0.9393288,0.011485384,0.011485384,0.010151012,0.041245975
27_assy_0_1,000485.jpg,1,1,0,0,0,0,0,0,0,1,1,1,1,1,0,0,0,0,0.76691794,0.76691794,0.9232611,0.99035174,0.9366144,0.008518171,0.008518171,0.005973859,0.037733253
27_assy_0_1,000490.jpg,1,1,0,0,0,0,0,0,0,1,1,1,1,1,0,0,0,0,0.7893021,0.7893021,0.93097585,0.98772544,0.94590497,0.007111156,0.007111156,0.004508797,0.033707373
27_assy_0_1,000495.jpg,1,1,0,0,0,0,0,0,0,1,1,1,1,1,0,0,0,0,0.80957997,0.80957997,0.9422422,0.9887151,0.9560688,0.006328721,0.006328721,0.0034076918,0.03266257
27_assy_0_1,000500.jpg,1,1,0,0,0,0,0,0,0,1,1,1,1,1,0,0,0,0,0.88124925,0.88124925,0.96040833,0.99305385,0.971545,0.005846578,0.005846578,0.0032418454,0.027755732
27_assy_0_1,000505.jpg,1,1,0,0,0,0,0,0,0,1,1,1,1,1,0,0,0,0,0.9400483,0.9400483,0.9784283,0.9970606,0.9854364,0.006348943,0.006348943,0.0030623947,0.031556185
27_assy_0_1,000510.jpg,1,1,0,0,0,0,0,0,0,1,1,1,1,1,0,0,0,0,0.9818596,0.9818596,0.99186546,0.99832565,0.99495715,0.0045940927,0.0045940927,0.0013731335,0.017561624
27_assy_0_1,000515.jpg,1,1,0,0,0,0,0,0,0,1,1,1,1,1,0,0,0,0,0.98154956,0.98154956,0.9906053,0.9979247,0.99507153,0.0019051098,0.0019051098,0.00087526336,0.010704564
27_assy_0_1,000520.jpg,1,1,0,0,0,0,0,0,0,1,1,1,1,1,0,0,0,0,0.9862027,0.9862027,0.9938553,0.99898404,0.99681735,0.001595799,0.001595799,0.00072004023,0.011534058
27_assy_0_1,000525.jpg,1,1,0,0,0,0,0,0,0,1,1,1,1,1,0,0,0,0,0.9895399,0.9895399,0.9933448,0.9989152,0.9962729,0.0022016733,0.0022016733,0.0008715624,0.010253967
27_assy_0_1,000530.jpg,1,1,0,0,0,0,0,0,0,1,1,1,1,1,0,0,0,0,0.99457693,0.99457693,0.99567777,0.99935573,0.9975682,0.005395913,0.005395913,0.0017984573,0.012410108
27_assy_0_1,000535.jpg,1,1,0,0,0,0,0,0,0,1,1,1,1,1,0,0,0,0,0.9976998,0.9976998,0.99776506,0.9995402,0.9987112,0.020816917,0.020816917,0.0061705625,0.014446365
27_assy_0_1,000540.jpg,1,1,0,0,0,0,0,0,0,1,1,1,1,1,0,0,0,0,0.99877006,0.99877006,0.99882156,0.9997458,0.99930346,0.06058379,0.06058379,0.01575725,0.011500162
27_assy_0_1,000545.jpg,1,1,0,0,0,0,0,0,0,1,1,1,1,1,0,0,0,0,0.9993981,0.9993981,0.9994271,0.999777,0.99960715,0.18003574,0.18003574,0.042889528,0.0111145945
27_assy_0_1,000550.jpg,1,1,0,0,0,0,0,0,0,1,1,1,1,1,1,1,0,0,0.99964535,0.99964535,0.99970824,0.99984837,0.99978167,0.52721834,0.52721834,0.13816226,0.0144806905
27_assy_0_1,000555.jpg,1,1,0,0,0,0,0,0,0,1,1,1,1,1,1,1,0,0,0.9996774,0.9996774,0.9997707,0.999811,0.9998254,0.7286191,0.7286191,0.2780821,0.012540455
27_assy_0_1,000560.jpg,1,1,0,0,0,0,0,0,0,1,1,1,1,1,1,1,1,0,0.9996346,0.9996346,0.99982566,0.9998319,0.99986124,0.8702257,0.8702257,0.5107148,0.012817461
27_assy_0_1,000565.jpg,1,1,0,0,0,0,0,0,0,1,1,1,1,1,1,1,1,0,0.9996635,0.9996635,0.99986005,0.9998373,0.999887,0.9150352,0.9150352,0.5842829,0.014961548
27_assy_0_1,000570.jpg,1,1,0,0,0,0,0,0,0,1,1,1,1,1,1,1,1,0,0.99862194,0.99862194,0.9996644,0.9994641,0.9997297,0.95865107,0.95865107,0.6367638,0.016676547
27_assy_0_1,000575.jpg,1,1,0,0,0,0,0,0,0,1,1,1,1,1,1,1,0,0,0.9982498,0.9982498,0.9995627,0.99923325,0.9996706,0.92764384,0.92764384,0.42846125,0.019204143
27_assy_0_1,000580.jpg,1,1,0,0,0,0,0,0,0,1,1,1,1,1,1,1,0,0,0.9976737,0.9976737,0.99936956,0.9987783,0.9995436,0.8724826,0.8724826,0.26515833,0.019702548
27_assy_0_1,000585.jpg,1,1,0,0,0,0,0,0,0,1,1,1,1,1,1,1,0,0,0.9969591,0.9969591,0.99918526,0.9989215,0.99942243,0.77056247,0.77056247,0.15228756,0.01935506
27_assy_0_1,000590.jpg,1,1,0,0,0,0,0,0,0,1,1,1,1,1,1,1,0,0,0.9953957,0.9953957,0.9988073,0.99873227,0.99922585,0.625287,0.625287,0.082227856,0.02753373
27_assy_0_1,000595.jpg,1,1,0,0,0,0,0,0,0,1,1,1,1,1,0,0,0,0,0.99195236,0.99195236,0.99852043,0.99903333,0.99914527,0.4238969,0.4238969,0.03917891,0.025223713
27_assy_0_1,000600.jpg,1,1,0,0,0,0,0,0,0,1,1,1,1,1,0,0,0,0,0.97352815,0.97352815,0.9973847,0.9984024,0.9985372,0.34021065,0.34021065,0.03527253,0.026601847
27_assy_0_1,000605.jpg,1,1,0,0,0,0,0,0,0,1,1,1,1,1,0,0,0,0,0.9382437,0.9382437,0.9954028,0.9980725,0.99742717,0.27262962,0.27262962,0.028285239,0.027488817
27_assy_0_1,000610.jpg,1,1,0,0,0,0,0,0,0,1,1,1,1,1,0,0,0,0,0.9464514,0.9464514,0.9950165,0.99794465,0.99755543,0.23809357,0.23809357,0.019869223,0.030204095
27_assy_0_1,000615.jpg,1,1,0,0,0,0,0,0,0,1,1,1,1,1,0,0,0,0,0.9502579,0.9502579,0.9959849,0.99817705,0.9980292,0.25838047,0.25838047,0.019134564,0.023472317
27_assy_0_1,000620.jpg,1,1,0,0,0,0,0,0,0,1,1,1,1,1,0,0,0,0,0.96415263,0.96415263,0.99583447,0.99864024,0.99810284,0.08517897,0.08517897,0.011501869,0.021522857
27_assy_0_1,000625.jpg,1,1,0,0,0,0,0,0,0,1,1,1,1,1,0,0,0,0,0.917392,0.917392,0.992415,0.9979498,0.9962196,0.055792075,0.055792075,0.014026452,0.020128878
27_assy_0_1,000630.jpg,1,1,0,0,0,0,0,0,0,1,1,1,1,1,0,0,0,0,0.8218091,0.8218091,0.9923154,0.9973563,0.995968,0.04586781,0.04586781,0.019597143,0.03093152
27_assy_0_1,000635.jpg,1,1,0,0,0,0,0,0,0,1,1,1,1,1,0,0,0,0,0.7949639,0.7949639,0.99511516,0.99657345,0.99748707,0.051390223,0.051390223,0.02545188,0.050060272
27_assy_0_1,000640.jpg,1,1,0,0,0,0,0,0,0,1,1,1,1,1,0,0,0,0,0.7781134,0.7781134,0.9953002,0.9949373,0.99736506,0.04140614,0.04140614,0.02828298,0.052866526
27_assy_0_1,000645.jpg,1,1,0,0,0,0,0,0,0,1,1,1,1,1,0,0,0,0,0.74104494,0.74104494,0.99460334,0.9910391,0.9969386,0.056841608,0.056841608,0.0421919,0.07112396
27_assy_0_1,000650.jpg,1,1,0,0,0,0,0,0,0,1,1,1,1,1,0,0,0,0,0.7647159,0.7647159,0.99575657,0.9878035,0.9975484,0.055221237,0.055221237,0.031623103,0.05466657
27_assy_0_1,000655.jpg,1,1,0,0,0,0,0,0,0,1,1,1,1,1,0,0,0,0,0.7573628,0.7573628,0.99716526,0.97820526,0.99823284,0.03945449,0.03945449,0.01868835,0.05505292
27_assy_0_1,000660.jpg,1,1,1,1,0,0,0,0,0,1,1,1,1,1,0,0,0,0,0.6863539,0.6863539,0.99686086,0.96619076,0.9979079,0.025587983,0.025587983,0.016158156,0.043345436
27_assy_0_1,000665.jpg,1,1,1,1,0,0,0,0,0,1,1,1,1,1,0,0,0,0,0.7190388,0.7190388,0.99792564,0.97525644,0.99846196,0.021941427,0.021941427,0.018806495,0.0437953
27_assy_0_1,000670.jpg,1,1,1,1,0,0,0,0,0,1,1,1,1,1,0,0,0,0,0.7795572,0.7795572,0.9987012,0.9659782,0.9990557,0.056616686,0.056616686,0.034433536,0.047132876
27_assy_0_1,000675.jpg,1,1,1,1,0,0,0,0,0,1,1,1,1,1,0,0,0,0,0.8627265,0.8627265,0.99919075,0.96069896,0.9994449,0.093360096,0.093360096,0.03301216,0.04250285
27_assy_0_1,000680.jpg,1,1,1,1,0,0,0,0,0,1,1,1,1,1,0,0,0,0,0.9430996,0.9430996,0.99950135,0.96931994,0.9996673,0.13754041,0.13754041,0.03394413,0.032756187
27_assy_0_1,000685.jpg,1,1,1,1,0,0,0,0,0,1,1,1,1,1,0,0,0,0,0.952459,0.952459,0.99932396,0.94672316,0.9995073,0.246248,0.246248,0.05849834,0.031201152
27_assy_0_1,000690.jpg,1,1,1,1,0,0,0,0,0,1,1,1,1,1,1,1,0,0,0.96624523,0.96624523,0.9993273,0.9324545,0.99947387,0.50660473,0.50660473,0.10303811,0.038553394
27_assy_0_1,000695.jpg,1,1,1,1,0,0,0,0,0,1,1,1,1,1,1,1,0,0,0.9790373,0.9790373,0.9994942,0.9528423,0.9995372,0.69404864,0.69404864,0.1710479,0.0355676
27_assy_0_1,000700.jpg,1,1,1,1,0,0,0,0,0,1,1,1,1,1,1,1,0,0,0.990484,0.990484,0.9996493,0.97830236,0.9996604,0.68676394,0.68676394,0.26672846,0.05489912
27_assy_0_1,000705.jpg,1,1,1,1,0,0,0,0,0,1,1,1,1,1,1,1,0,0,0.9964095,0.9964095,0.9997665,0.9900445,0.99978286,0.77885437,0.77885437,0.36057934,0.059627563
27_assy_0_1,000710.jpg,1,1,1,1,0,0,0,0,0,1,1,1,1,1,1,1,0,0,0.99801946,0.99801946,0.9998185,0.99329174,0.9998349,0.76219773,0.76219773,0.41084626,0.062062312
27_assy_0_1,000715.jpg,1,1,1,1,0,0,0,0,0,1,1,1,1,1,1,1,0,0,0.9976422,0.9976422,0.9996761,0.98801327,0.9997311,0.7216843,0.7216843,0.37101793,0.053579386
27_assy_0_1,000720.jpg,1,1,1,1,0,0,0,0,0,1,1,1,1,1,1,1,0,0,0.997059,0.997059,0.99940217,0.98373425,0.99950314,0.647003,0.647003,0.3209148,0.04449405
27_assy_0_1,000725.jpg,1,1,1,1,0,0,0,0,0,1,1,1,1,1,1,1,1,0,0.99723595,0.99723595,0.9994572,0.9903183,0.9995239,0.8132007,0.8132007,0.51564246,0.042483497
27_assy_0_1,000730.jpg,1,1,1,1,0,0,0,0,0,1,1,1,1,1,1,1,0,0,0.9978709,0.9978709,0.99939,0.99040693,0.99950635,0.76421463,0.76421463,0.40211633,0.03225796
27_assy_0_1,000735.jpg,1,1,1,1,0,0,0,0,0,1,1,1,1,1,1,1,0,0,0.9979937,0.9979937,0.9995109,0.9962837,0.9995974,0.67330426,0.67330426,0.34250957,0.024789669
27_assy_0_1,000740.jpg,1,1,1,1,0,0,0,0,0,1,1,1,1,1,1,1,0,0,0.9984212,0.9984212,0.9996735,0.9988759,0.9997272,0.5585501,0.5585501,0.31375057,0.015745215
27_assy_0_1,000745.jpg,1,1,1,1,0,0,0,0,0,1,1,1,1,1,0,0,0,0,0.9986846,0.9986846,0.9997104,0.99909496,0.9997712,0.43213144,0.43213144,0.23130104,0.015060805
27_assy_0_1,000750.jpg,1,1,1,1,0,0,0,0,0,1,1,1,1,1,0,0,0,0,0.99828905,0.99828905,0.99951696,0.9984394,0.9996165,0.39657754,0.39657754,0.16379152,0.01505651
27_assy_0_1,000755.jpg,1,1,1,1,0,0,0,0,0,1,1,1,1,1,0,0,0,0,0.99608755,0.99608755,0.9988059,0.9969362,0.9990532,0.27109602,0.27109602,0.09769888,0.012522749
27_assy_0_1,000760.jpg,1,1,1,1,0,0,0,0,0,1,1,1,1,1,0,0,0,0,0.99383944,0.99383944,0.9979177,0.99603444,0.99824476,0.24777661,0.24777661,0.078100115,0.01795769
27_assy_0_1,000765.jpg,1,1,1,1,0,0,0,0,0,1,1,1,1,1,0,0,0,0,0.995698,0.995698,0.9983317,0.99788326,0.998442,0.2655338,0.2655338,0.08388726,0.024688417
27_assy_0_1,000770.jpg,1,1,1,1,0,0,0,0,0,1,1,1,1,1,0,0,0,0,0.9975091,0.9975091,0.99910504,0.9987036,0.99927586,0.2184938,0.2184938,0.06925531,0.029618792
27_assy_0_1,000775.jpg,1,1,1,1,0,0,0,0,0,1,1,1,1,1,0,0,0,0,0.99850214,0.99850214,0.99945205,0.9991003,0.9995571,0.15171064,0.15171064,0.044439893,0.03598167
27_assy_0_1,000780.jpg,1,1,1,1,0,0,0,0,0,1,1,1,1,1,0,0,0,0,0.99828243,0.99828243,0.99947435,0.99926955,0.99956805,0.10030517,0.10030517,0.034881297,0.0346349
27_assy_0_1,000785.jpg,1,1,1,1,0,0,0,0,0,1,1,1,1,1,0,0,0,0,0.99840933,0.99840933,0.999308,0.9989209,0.9994405,0.08858838,0.08858838,0.025455238,0.033888806
27_assy_0_1,000790.jpg,1,1,1,1,0,0,0,0,0,1,1,1,1,1,0,0,0,0,0.9974452,0.9974452,0.9988657,0.99723023,0.99913317,0.06475387,0.06475387,0.018278537,0.038436845
27_assy_0_1,000795.jpg,1,1,1,1,0,0,0,0,0,1,1,1,1,1,0,0,0,0,0.9959687,0.9959687,0.99823403,0.995704,0.9986395,0.062803425,0.062803425,0.018261932,0.030459236
27_assy_0_1,000800.jpg,1,1,1,1,0,0,0,0,0,1,1,1,1,1,0,0,0,0,0.993349,0.993349,0.99774784,0.9964438,0.99825007,0.0589219,0.0589219,0.019134885,0.034815114
27_assy_0_1,000805.jpg,1,1,1,1,0,0,0,0,0,1,1,1,1,1,0,0,0,0,0.9918772,0.9918772,0.99816424,0.99769175,0.9986117,0.11865201,0.11865201,0.035513084,0.048808265
27_assy_0_1,000810.jpg,1,1,1,1,0,0,0,0,0,1,1,1,1,1,0,0,0,0,0.9832872,0.9832872,0.99757797,0.9982822,0.9981505,0.17680582,0.17680582,0.038615543,0.04967132
27_assy_0_1,000815.jpg,1,1,1,1,0,0,0,0,0,1,1,1,1,1,0,0,0,0,0.9674893,0.9674893,0.99709356,0.99846303,0.99764496,0.26340753,0.26340753,0.051235586,0.059284884
27_assy_0_1,000820.jpg,1,1,1,1,0,0,0,0,0,1,1,1,1,1,0,0,0,0,0.9552935,0.9552935,0.99633384,0.9989011,0.9970124,0.24568322,0.24568322,0.047284707,0.06011132
27_assy_0_1,000825.jpg,1,1,1,1,0,0,0,0,0,1,1,1,1,1,0,0,0,0,0.92016035,0.92016035,0.99465066,0.9988356,0.99569666,0.2197128,0.2197128,0.038294245,0.059127722
27_assy_0_1,000830.jpg,1,1,1,1,0,0,0,0,0,1,1,1,1,1,0,0,0,0,0.8869603,0.8869603,0.99471456,0.9988537,0.9961708,0.2546355,0.2546355,0.035180267,0.066249266
27_assy_0_1,000835.jpg,1,1,1,1,0,0,0,0,0,1,1,1,1,1,0,0,0,0,0.8036179,0.8036179,0.99503857,0.9990221,0.99700004,0.17815703,0.17815703,0.02884402,0.059145905
27_assy_0_1,000840.jpg,1,1,1,1,0,0,0,0,0,1,1,1,1,1,0,0,0,0,0.8138503,0.8138503,0.9960335,0.99927133,0.9977316,0.21845399,0.21845399,0.03290985,0.07092858
27_assy_0_1,000845.jpg,1,1,1,1,1,0,0,0,0,1,1,1,1,1,0,0,0,0,0.80511755,0.80511755,0.99670213,0.9996068,0.9982029,0.16476569,0.16476569,0.02602352,0.07308233
27_assy_0_1,000850.jpg,1,1,1,1,1,0,0,0,0,1,1,1,1,1,0,0,0,0,0.7921262,0.7921262,0.99749655,0.99970883,0.9986565,0.2081034,0.2081034,0.030204719,0.08153939
27_assy_0_1,000855.jpg,1,1,1,1,1,0,0,0,0,1,1,1,1,1,0,0,0,0,0.80228335,0.80228335,0.99690264,0.99935836,0.9980678,0.18034752,0.18034752,0.028011916,0.11397922
27_assy_0_1,000860.jpg,1,1,1,1,1,0,0,0,0,1,1,1,1,1,0,0,0,0,0.8778907,0.8778907,0.99672806,0.99912935,0.99777704,0.13320392,0.13320392,0.029808521,0.09145488
27_assy_0_1,000865.jpg,1,1,1,1,1,0,0,0,0,1,1,1,1,1,0,0,0,0,0.9067055,0.9067055,0.9953951,0.99852234,0.9969029,0.0700221,0.0700221,0.01960144,0.048033327
27_assy_0_1,000870.jpg,1,1,1,1,1,0,0,0,0,1,1,1,1,1,0,0,0,0,0.9368322,0.9368322,0.9938758,0.9978594,0.9955989,0.054312553,0.054312553,0.014078776,0.034053802
27_assy_0_1,000875.jpg,1,1,1,1,1,0,0,0,0,1,1,1,1,1,0,0,0,0,0.97401255,0.97401255,0.9954489,0.99749184,0.99707067,0.043631796,0.043631796,0.011190455,0.026417024
27_assy_0_1,000880.jpg,1,1,1,1,1,0,0,0,0,1,1,1,1,1,0,0,0,0,0.98685884,0.98685884,0.9972952,0.997063,0.99818265,0.036265295,0.036265295,0.00985595,0.023226457
27_assy_0_1,000885.jpg,1,1,1,1,1,0,0,0,0,1,1,1,1,1,0,0,0,0,0.9933495,0.9933495,0.99714774,0.996031,0.99785537,0.030654604,0.030654604,0.007829067,0.01521572
27_assy_0_1,000890.jpg,1,1,1,1,1,0,0,0,0,1,1,1,1,1,0,0,0,0,0.9976682,0.9976682,0.99880755,0.9975641,0.99902964,0.031311736,0.031311736,0.010467925,0.012490947
27_assy_0_1,000895.jpg,1,1,1,1,1,0,0,0,0,1,1,1,1,1,0,0,0,0,0.9990681,0.9990681,0.99944276,0.9984238,0.9995586,0.044713683,0.044713683,0.014200207,0.013499305
27_assy_0_1,000900.jpg,1,1,1,1,1,0,0,0,0,1,1,1,1,1,0,0,0,0,0.99973184,0.99973184,0.99975234,0.99924266,0.9998198,0.04346397,0.04346397,0.015087883,0.007275303
27_assy_0_1,000905.jpg,1,1,1,1,1,0,0,0,0,1,1,1,1,1,0,0,0,0,0.9998103,0.9998103,0.99981016,0.99959534,0.99987197,0.024498945,0.024498945,0.01215902,0.0049161217
27_assy_0_1,000910.jpg,1,1,1,1,1,0,0,0,0,1,1,1,1,1,0,0,0,0,0.9997937,0.9997937,0.99981755,0.99982303,0.99988174,0.02426691,0.02426691,0.01624976,0.0070032747
27_assy_0_1,000915.jpg,1,1,1,1,1,0,0,0,0,1,1,1,1,1,0,0,0,0,0.9997116,0.9997116,0.9997868,0.99992037,0.9998692,0.020453496,0.020453496,0.017738618,0.012704167
27_assy_0_1,000920.jpg,1,1,1,1,1,0,0,0,0,1,1,1,1,1,0,0,0,0,0.9996176,0.9996176,0.9997905,0.9999579,0.99987316,0.027182052,0.027182052,0.03130551,0.01769724
27_assy_0_1,000925.jpg,1,1,1,1,1,0,0,0,0,1,1,1,1,1,0,0,0,0,0.999532,0.999532,0.9998053,0.9999802,0.9998834,0.03886298,0.03886298,0.05052125,0.026614971
27_assy_0_1,000930.jpg,1,1,1,1,1,0,0,0,0,1,1,1,1,1,0,0,0,0,0.99949217,0.99949217,0.9998449,0.9999901,0.9999138,0.033230927,0.033230927,0.05545801,0.031737186
27_assy_0_1,000935.jpg,1,1,1,1,1,0,0,0,0,1,1,1,1,1,0,0,0,0,0.9993767,0.9993767,0.9998796,0.9999938,0.9999325,0.058594685,0.058594685,0.07771361,0.058913577
27_assy_0_1,000940.jpg,1,1,1,1,1,0,0,0,0,1,1,1,1,1,0,0,0,0,0.9989423,0.9989423,0.9998265,0.99999344,0.9999068,0.06439959,0.06439959,0.07184225,0.0820108
27_assy_0_1,000945.jpg,1,1,1,1,1,0,0,0,0,1,1,1,1,1,0,0,0,0,0.99650073,0.99650073,0.99934155,0.9999856,0.9996469,0.04710732,0.04710732,0.077694535,0.11830206
27_assy_0_1,000950.jpg,1,1,1,1,1,0,0,0,0,1,1,1,1,1,0,0,0,0,0.99193853,0.99193853,0.9981188,0.9999651,0.99899465,0.028696224,0.028696224,0.05730139,0.14218907
27_assy_0_1,000955.jpg,1,1,1,1,1,0,0,0,0,1,1,1,1,1,0,0,0,0,0.9802766,0.9802766,0.9930461,0.99986887,0.99626094,0.026951123,0.026951123,0.051961444,0.16635035
27_assy_0_1,000960.jpg,1,1,1,1,1,0,0,0,0,1,1,1,1,1,0,0,0,0,0.9537128,0.9537128,0.98192275,0.99961853,0.9908887,0.016643612,0.016643612,0.04294568,0.124280415
27_assy_0_1,000965.jpg,1,1,1,1,1,0,0,0,0,1,1,1,1,1,0,0,0,0,0.9096511,0.9096511,0.9436379,0.9981674,0.9699986,0.013547848,0.013547848,0.040033586,0.11644525
27_assy_0_1,000970.jpg,1,1,1,1,1,0,0,0,0,1,1,1,1,1,0,0,0,0,0.8650172,0.8650172,0.85587186,0.98936534,0.91961694,0.0048440075,0.0048440075,0.022236228,0.06100384
27_assy_0_1,000975.jpg,1,1,1,1,1,0,0,0,0,1,1,1,1,1,0,0,0,0,0.8390895,0.8390895,0.7445496,0.9678,0.8500211,0.0044223317,0.0044223317,0.01452561,0.05084345
27_assy_0_1,000980.jpg,1,1,1,1,1,0,0,0,0,1,1,1,1,1,0,0,0,0,0.8121713,0.8121713,0.5420155,0.89690185,0.64710194,0.0059325197,0.0059325197,0.012379755,0.05106315
27_assy_0_1,000985.jpg,1,1,1,1,1,0,0,0,0,1,1,0,1,0,0,0,0,0,0.7485321,0.7485321,0.268881,0.83688664,0.33363888,0.0054370984,0.0054370984,0.010841032,0.037875995
27_assy_0_1,000990.jpg,1,1,1,1,1,0,0,0,0,1,1,0,1,0,0,0,0,0,0.64683694,0.64683694,0.1272805,0.6967563,0.12651116,0.0057615875,0.0057615875,0.008595261,0.037201162
27_assy_0_1,000995.jpg,1,1,1,1,1,0,0,0,0,1,1,0,1,0,0,0,0,0,0.5419152,0.5419152,0.20481248,0.6817625,0.18270345,0.006024587,0.006024587,0.008927928,0.04056093
27_assy_0_1,001000.jpg,1,1,1,1,1,0,0,0,0,1,1,0,1,0,0,0,0,0,0.58226967,0.58226967,0.35186782,0.7875768,0.35034257,0.0052241213,0.0052241213,0.007823606,0.033277348
27_assy_0_1,001005.jpg,1,1,1,1,1,0,0,0,0,1,1,1,1,1,0,0,0,0,0.6021503,0.6021503,0.5107672,0.9315708,0.5513648,0.0019601441,0.0019601441,0.0051240693,0.020345388
27_assy_0_1,001010.jpg,1,1,1,1,1,0,0,0,0,1,1,1,1,1,0,0,0,0,0.6553516,0.6553516,0.67678595,0.96876824,0.67536986,0.0036693471,0.0036693471,0.006350697,0.029709453
27_assy_0_1,001015.jpg,1,1,1,1,1,0,0,0,0,1,1,1,1,1,0,0,0,0,0.5311966,0.5311966,0.6643724,0.97250766,0.57887363,0.004854392,0.004854392,0.0052841576,0.034848306
27_assy_0_1,001020.jpg,1,1,1,1,1,0,0,0,0,1,1,1,1,1,0,0,0,0,0.5309142,0.5309142,0.72280246,0.9786647,0.59735066,0.006652437,0.006652437,0.0044677565,0.037088707
27_assy_0_1,001025.jpg,1,1,1,1,1,0,0,0,0,0,0,1,1,1,0,0,0,0,0.49504226,0.49504226,0.72367847,0.97334325,0.58056104,0.004642141,0.004642141,0.0032583415,0.034155518
27_assy_0_1,001030.jpg,1,1,1,1,1,0,0,0,0,0,0,1,1,1,0,0,0,0,0.42876828,0.42876828,0.6918989,0.9679161,0.53510666,0.0030644918,0.0030644918,0.0022927173,0.031138588
27_assy_0_1,001035.jpg,1,1,1,1,1,0,0,0,0,0,0,1,1,0,0,0,0,0,0.4041958,0.4041958,0.6306595,0.9148415,0.45790914,0.0028555822,0.0028555822,0.0017856098,0.03067217
27_assy_0_1,001040.jpg,1,1,1,1,1,0,0,0,0,0,0,1,1,1,0,0,0,0,0.42214748,0.42214748,0.7143797,0.9089642,0.59797686,0.007203538,0.007203538,0.0037042564,0.056639444
27_assy_0_1,001045.jpg,1,1,1,1,1,0,0,0,0,0,0,1,1,1,0,0,0,0,0.34461305,0.34461305,0.69250077,0.88135517,0.55468935,0.008846782,0.008846782,0.0028246683,0.10240425
27_assy_0_1,001050.jpg,1,1,1,1,1,0,0,0,0,0,0,1,1,0,0,0,0,0,0.317359,0.317359,0.5838058,0.8215515,0.45614654,0.0123831015,0.0123831015,0.0034684683,0.11581017
27_assy_0_1,001055.jpg,1,1,1,1,1,0,0,0,0,0,0,1,1,0,0,0,0,0,0.43449917,0.43449917,0.5671684,0.6548803,0.45310894,0.016564677,0.016564677,0.005141496,0.14737505
27_assy_0_1,001060.jpg,1,1,1,1,1,0,0,0,0,0,0,0,0,0,0,0,0,0,0.34198776,0.34198776,0.3186484,0.33010978,0.22840345,0.014828619,0.014828619,0.0063796253,0.16205306
27_assy_0_1,001065.jpg,1,1,1,1,1,0,0,0,0,0,0,0,1,0,0,0,0,0,0.490608,0.490608,0.4337291,0.5208181,0.41845298,0.00783771,0.00783771,0.0063585257,0.11684376
27_assy_0_1,001070.jpg,1,1,1,1,1,0,0,0,0,1,1,0,0,1,0,0,0,0,0.5757648,0.5757648,0.46413028,0.46337876,0.530657,0.0026546675,0.0026546675,0.003288536,0.063627705
27_assy_0_1,001075.jpg,1,1,1,1,1,0,0,0,0,1,1,1,1,1,0,0,0,0,0.60722387,0.60722387,0.58343863,0.5402909,0.6802905,0.003187446,0.003187446,0.0041606473,0.05212204
27_assy_0_1,001080.jpg,1,1,1,1,1,0,0,0,0,1,1,1,1,1,0,0,0,0,0.680926,0.680926,0.7903836,0.7628988,0.877212,0.0034243243,0.0034243243,0.0051079877,0.04889156
27_assy_0_1,001085.jpg,1,1,1,1,1,0,0,0,0,1,1,1,1,1,0,0,0,0,0.7452462,0.7452462,0.9158272,0.94261163,0.9600786,0.0027459606,0.0027459606,0.0050784564,0.028219344
27_assy_0_1,001090.jpg,1,1,1,1,1,0,0,0,0,1,1,1,1,1,0,0,0,0,0.79531306,0.79531306,0.9616504,0.9832819,0.9830185,0.0018877507,0.0018877507,0.0051829917,0.021146767
27_assy_0_1,001095.jpg,1,1,1,1,1,0,0,0,0,1,1,1,1,1,0,0,0,0,0.8475102,0.8475102,0.9762664,0.99128574,0.9893344,0.0014707575,0.0014707575,0.005202071,0.011784732
27_assy_0_1,001100.jpg,1,1,1,1,1,0,0,0,0,1,1,1,1,1,0,0,0,0,0.8419973,0.8419973,0.9815174,0.9925625,0.99162406,0.0016694996,0.0016694996,0.004887358,0.0144225145
27_assy_0_1,001105.jpg,1,1,1,1,1,0,0,0,0,1,1,1,1,1,0,0,0,0,0.78853196,0.78853196,0.9853699,0.9937768,0.9929912,0.005940165,0.005940165,0.010174521,0.02091281
27_assy_0_1,001110.jpg,1,1,1,1,1,0,0,0,0,1,1,1,1,1,0,0,0,0,0.785237,0.785237,0.9928226,0.9973115,0.9963811,0.013557761,0.013557761,0.011808312,0.016780509
27_assy_0_1,001115.jpg,1,1,1,1,1,0,0,0,0,1,1,1,1,1,0,0,0,0,0.7373738,0.7373738,0.99544024,0.9977182,0.99789906,0.029295668,0.029295668,0.01393317,0.02358872
27_assy_0_1,001120.jpg,1,1,1,1,1,0,0,0,0,1,1,1,1,1,0,0,0,0,0.72291505,0.72291505,0.9976902,0.9984981,0.99902296,0.0542546,0.0542546,0.017555602,0.02325623
27_assy_0_1,001125.jpg,1,1,1,1,1,0,0,0,0,1,1,1,1,1,0,0,0,0,0.76629305,0.76629305,0.9982504,0.99882084,0.9994522,0.06535058,0.06535058,0.020239316,0.042099755
27_assy_0_1,001130.jpg,1,1,1,1,1,0,0,0,0,1,1,1,1,1,0,0,0,0,0.81285185,0.81285185,0.99870956,0.9990489,0.9995964,0.0862983,0.0862983,0.02339823,0.04764631
27_assy_0_1,001135.jpg,1,1,1,1,1,0,0,0,0,1,1,1,1,1,0,0,0,0,0.7789039,0.7789039,0.99690837,0.99840075,0.9989458,0.07891131,0.07891131,0.024188116,0.052218538
27_assy_0_1,001140.jpg,1,1,1,1,1,0,0,0,0,1,1,1,1,1,0,0,0,0,0.7727541,0.7727541,0.9933743,0.9969074,0.9975171,0.08176589,0.08176589,0.027230296,0.058514547
27_assy_0_1,001145.jpg,1,1,1,1,1,0,0,0,0,1,1,1,1,1,0,0,0,0,0.8180961,0.8180961,0.99320614,0.9983039,0.99770266,0.084317714,0.084317714,0.041638236,0.06709755
27_assy_0_1,001150.jpg,1,1,1,1,1,0,0,0,0,1,1,1,1,1,0,0,0,0,0.90504843,0.90504843,0.9980209,0.9994455,0.99924016,0.20459299,0.20459299,0.08947135,0.10176976
27_assy_0_1,001155.jpg,1,1,1,1,1,0,0,0,0,1,1,1,1,1,0,0,0,0,0.9476994,0.9476994,0.9989097,0.9997558,0.99952126,0.16635212,0.16635212,0.08640623,0.12266423
27_assy_0_1,001160.jpg,1,1,1,1,1,0,0,0,0,1,1,1,1,1,0,0,0,0,0.9688991,0.9688991,0.9992594,0.99984884,0.99968696,0.116959676,0.116959676,0.1342219,0.17115794
27_assy_0_1,001165.jpg,1,1,1,1,1,0,0,0,0,1,1,1,1,1,0,0,0,0,0.98040694,0.98040694,0.99926513,0.9998727,0.9996469,0.07012302,0.07012302,0.17086497,0.15163262
27_assy_0_1,001170.jpg,1,1,1,1,1,0,0,0,0,1,1,1,1,1,0,0,0,0,0.9926714,0.9926714,0.9995316,0.9999542,0.99977344,0.07537222,0.07537222,0.17397556,0.26107398
27_assy_0_1,001175.jpg,1,1,1,1,1,0,0,0,0,1,1,1,1,1,0,0,0,0,0.9870868,0.9870868,0.99878186,0.9998982,0.9993735,0.2238523,0.2238523,0.27212545,0.36105576
27_assy_0_1,001180.jpg,1,1,1,1,1,0,0,0,0,1,1,1,1,1,0,0,0,0,0.9839908,0.9839908,0.9982796,0.99981314,0.9989434,0.42992732,0.42992732,0.32289833,0.448826
27_assy_0_1,001185.jpg,1,1,1,1,1,0,0,0,0,1,1,1,1,1,0,0,0,0,0.98738575,0.98738575,0.99799025,0.99972194,0.99888724,0.2691237,0.2691237,0.2718063,0.42872402
27_assy_0_1,001190.jpg,1,1,1,1,1,0,0,0,0,1,1,1,1,1,0,0,0,0,0.99117094,0.99117094,0.99824464,0.99984205,0.9991412,0.17265277,0.17265277,0.2112201,0.42644122
27_assy_0_1,001195.jpg,1,1,1,1,1,0,0,0,0,1,1,1,1,1,0,0,0,0,0.9880701,0.9880701,0.99763405,0.9996588,0.9985292,0.30601925,0.30601925,0.2042164,0.47690782
27_assy_0_1,001200.jpg,1,1,1,1,1,0,0,0,0,1,1,1,1,1,0,0,0,1,0.9740476,0.9740476,0.99418324,0.99925953,0.99603903,0.2240754,0.2240754,0.15365243,0.5147045
27_assy_0_1,001205.jpg,1,1,1,1,1,0,0,0,0,1,1,1,1,1,0,0,0,0,0.95908237,0.95908237,0.9875882,0.9981834,0.9917516,0.28245747,0.28245747,0.09370977,0.47832865
27_assy_0_1,001210.jpg,1,1,1,1,1,0,0,0,0,1,1,1,1,1,0,0,0,1,0.9267347,0.9267347,0.95256335,0.9948304,0.95665824,0.3018985,0.3018985,0.060862973,0.50087136
27_assy_0_1,001215.jpg,1,1,1,1,1,0,0,0,0,1,1,1,1,1,0,0,0,0,0.90571105,0.90571105,0.941892,0.9916102,0.93576175,0.22314109,0.22314109,0.025897594,0.4851381
27_assy_0_1,001220.jpg,1,1,1,1,1,0,0,0,0,1,1,1,1,1,0,0,0,0,0.89014393,0.89014393,0.9459836,0.98848337,0.94237757,0.13365656,0.13365656,0.021514293,0.48332572
27_assy_0_1,001225.jpg,1,1,1,1,1,0,0,0,0,1,1,1,1,1,0,0,0,1,0.94063264,0.94063264,0.98414296,0.9961985,0.9858372,0.045261458,0.045261458,0.01630725,0.5488224
27_assy_0_1,001230.jpg,1,1,1,1,1,0,0,0,0,1,1,1,1,1,0,0,0,1,0.9721481,0.9721481,0.9923225,0.9980374,0.99396133,0.018637702,0.018637702,0.013401295,0.51172715
27_assy_0_1,001235.jpg,1,1,1,1,1,0,0,0,0,1,1,1,1,1,0,0,0,1,0.9866708,0.9866708,0.9987062,0.9993092,0.99901855,0.026994975,0.026994975,0.012139248,0.5217191
27_assy_0_1,001240.jpg,1,1,1,1,1,0,0,0,0,1,1,1,1,1,0,0,0,0,0.9925331,0.9925331,0.9996824,0.9994473,0.99973637,0.04329319,0.04329319,0.014930883,0.49041653
27_assy_0_1,001245.jpg,1,1,1,1,1,0,0,0,0,1,1,1,1,1,0,0,0,0,0.99502337,0.99502337,0.9997639,0.9995376,0.99979836,0.03552716,0.03552716,0.014275075,0.46899825
27_assy_0_1,001250.jpg,1,1,1,1,1,0,0,0,0,1,1,1,1,1,0,0,0,0,0.9923315,0.9923315,0.9996474,0.9994435,0.999703,0.039413694,0.039413694,0.019031059,0.41438276
27_assy_0_1,001255.jpg,1,1,1,1,1,0,0,0,0,1,1,1,1,1,0,0,0,0,0.9909127,0.9909127,0.9995352,0.9997316,0.99964106,0.03277122,0.03277122,0.029083848,0.34993866
27_assy_0_1,001260.jpg,1,1,1,1,1,0,0,0,0,1,1,1,1,1,0,0,0,0,0.99443394,0.99443394,0.9998392,0.9999161,0.99989796,0.03676495,0.03676495,0.03926501,0.3321514
27_assy_0_1,001265.jpg,1,1,1,1,1,0,0,0,0,1,1,1,1,1,0,0,0,0,0.99594253,0.99594253,0.9998698,0.999938,0.9999163,0.0848056,0.0848056,0.07522269,0.33969805
27_assy_0_1,001270.jpg,1,1,1,1,1,0,0,0,0,1,1,1,1,1,0,0,0,0,0.9945808,0.9945808,0.99977106,0.9999138,0.9998548,0.1797408,0.1797408,0.11001955,0.3449107
27_assy_0_1,001275.jpg,1,1,1,1,1,0,0,0,0,1,1,1,1,1,0,0,0,0,0.9893974,0.9893974,0.99920076,0.99980706,0.9994497,0.23376061,0.23376061,0.14573312,0.29316887
27_assy_0_1,001280.jpg,1,1,1,1,1,0,0,0,0,1,1,1,1,1,0,0,0,0,0.9857633,0.9857633,0.99842465,0.9996326,0.99889,0.3355334,0.3355334,0.1753334,0.3068509
27_assy_0_1,001285.jpg,1,1,1,1,1,0,0,0,0,1,1,1,1,1,0,0,0,0,0.98012674,0.98012674,0.99640745,0.99913174,0.9974675,0.40136987,0.40136987,0.18421294,0.36093235
27_assy_0_1,001290.jpg,1,1,1,1,1,0,0,0,0,1,1,1,1,1,0,0,0,0,0.9440293,0.9440293,0.98805815,0.9981439,0.99114543,0.3881928,0.3881928,0.1655076,0.3665728
27_assy_0_1,001295.jpg,1,1,1,1,1,0,0,0,0,1,1,1,1,1,0,0,0,0,0.89853203,0.89853203,0.97749054,0.99660045,0.98624194,0.35795635,0.35795635,0.11792297,0.26379362
27_assy_0_1,001300.jpg,1,1,1,1,1,0,0,0,0,1,1,1,1,1,0,0,0,0,0.91762716,0.91762716,0.9730123,0.9957651,0.98312795,0.41529086,0.41529086,0.11939129,0.30830896
27_assy_0_1,001305.jpg,1,1,1,1,1,0,0,0,0,1,1,1,1,1,0,0,0,0,0.89061457,0.89061457,0.95006615,0.982668,0.96781164,0.4666542,0.4666542,0.09265907,0.3000631
27_assy_0_1,001310.jpg,1,1,1,1,1,0,0,0,0,1,1,1,1,1,0,0,0,0,0.8618523,0.8618523,0.92702556,0.9575686,0.94653845,0.43968493,0.43968493,0.07765341,0.28950912
27_assy_0_1,001315.jpg,1,1,1,1,1,0,0,0,0,1,1,1,1,1,0,0,0,0,0.8668613,0.8668613,0.91939676,0.9467534,0.9393884,0.44281203,0.44281203,0.05670331,0.28833836
27_assy_0_1,001320.jpg,1,1,1,1,1,0,0,0,0,1,1,1,1,1,0,0,0,0,0.8556125,0.8556125,0.8896297,0.9361303,0.9085536,0.3141656,0.3141656,0.03602108,0.23034054
27_assy_0_1,001325.jpg,1,1,1,1,1,0,0,0,0,1,1,1,1,1,0,0,0,0,0.88521576,0.88521576,0.87055564,0.9188712,0.8894613,0.2246108,0.2246108,0.025049372,0.1598846
27_assy_0_1,001330.jpg,1,1,1,1,1,0,0,0,0,1,1,1,1,1,0,0,0,0,0.89335996,0.89335996,0.8358937,0.89137757,0.86543375,0.18741097,0.18741097,0.020742998,0.0749073
27_assy_0_1,001335.jpg,1,1,1,1,1,0,0,0,0,1,1,1,1,1,0,0,0,0,0.8591306,0.8591306,0.7865309,0.8670687,0.8096618,0.08902243,0.08902243,0.015160039,0.067914754
27_assy_0_1,001340.jpg,1,1,1,1,1,0,0,0,0,1,1,1,1,1,0,0,0,0,0.8937499,0.8937499,0.8084249,0.89520127,0.84606606,0.086179726,0.086179726,0.01609748,0.07361213
27_assy_0_1,001345.jpg,1,1,1,1,1,0,0,0,0,1,1,1,1,1,0,0,0,0,0.86744493,0.86744493,0.8344705,0.88790786,0.8640273,0.16136856,0.16136856,0.023167208,0.113307886
27_assy_0_1,001350.jpg,1,1,1,1,1,0,0,0,0,1,1,1,1,1,0,0,0,0,0.83156186,0.83156186,0.72848916,0.82541144,0.7489862,0.15547155,0.15547155,0.027143216,0.09127878
27_assy_0_1,001355.jpg,1,1,1,1,1,0,0,0,0,1,1,1,1,1,0,0,0,0,0.84190005,0.84190005,0.74009454,0.8653507,0.7600953,0.15826412,0.15826412,0.026150232,0.09766959
27_assy_0_1,001360.jpg,1,1,1,1,1,0,0,0,0,1,1,1,1,1,0,0,0,0,0.8966886,0.8966886,0.81255347,0.87082976,0.8238776,0.2231987,0.2231987,0.033928808,0.102024525
27_assy_0_1,001365.jpg,1,1,1,1,1,0,0,0,0,1,1,1,1,1,0,0,0,0,0.93097645,0.93097645,0.8576229,0.9206662,0.86961776,0.27603397,0.27603397,0.043145344,0.0830506
27_assy_0_1,001370.jpg,1,1,1,1,1,0,0,0,0,1,1,1,1,1,0,0,0,0,0.9499127,0.9499127,0.9182705,0.94380164,0.9269394,0.32835406,0.32835406,0.04550942,0.09885284
27_assy_0_1,001375.jpg,1,1,1,1,1,0,0,0,0,1,1,1,1,1,0,0,0,0,0.95951676,0.95951676,0.9475395,0.943844,0.9542109,0.39164323,0.39164323,0.042585023,0.11323292
27_assy_0_1,001380.jpg,1,1,1,1,1,0,0,0,0,1,1,1,1,1,0,0,0,0,0.97044826,0.97044826,0.96649945,0.93739027,0.9721729,0.25596392,0.25596392,0.018361278,0.13577598
27_assy_0_1,001385.jpg,1,1,1,1,1,0,0,0,0,1,1,1,1,1,0,0,0,0,0.9824196,0.9824196,0.97650594,0.95678383,0.9789482,0.35966754,0.35966754,0.030977441,0.14293715
27_assy_0_1,001390.jpg,1,1,1,1,1,0,0,0,0,1,1,1,1,1,0,0,0,0,0.9870363,0.9870363,0.98230976,0.94761187,0.9830859,0.24506144,0.24506144,0.03137554,0.13563088
27_assy_0_1,001395.jpg,1,1,1,1,1,0,0,0,0,1,1,1,1,1,0,0,0,0,0.99435294,0.99435294,0.99160296,0.9709594,0.99255097,0.07241811,0.07241811,0.012367699,0.08845953
27_assy_0_1,001400.jpg,1,1,1,1,1,0,0,0,0,1,1,1,1,1,0,0,0,0,0.9976858,0.9976858,0.9981489,0.98781294,0.99839956,0.08429797,0.08429797,0.01320335,0.08427218
27_assy_0_1,001405.jpg,1,1,1,1,1,0,0,0,0,1,1,1,1,1,0,0,0,0,0.99686784,0.99686784,0.9980463,0.99006397,0.9981546,0.12921706,0.12921706,0.01710397,0.10317353
27_assy_0_1,001410.jpg,1,1,1,1,1,0,0,0,0,1,1,1,1,1,0,0,0,0,0.9955069,0.9955069,0.9981944,0.99021155,0.9982297,0.1712479,0.1712479,0.022228558,0.0988535
27_assy_0_1,001415.jpg,1,1,1,1,1,0,0,0,0,1,1,1,1,1,0,0,0,0,0.9936883,0.9936883,0.99841917,0.9846182,0.99831796,0.17958395,0.17958395,0.02333273,0.103367426
27_assy_0_1,001420.jpg,1,1,1,1,1,0,0,0,0,1,1,1,1,1,0,0,0,0,0.9877806,0.9877806,0.9969382,0.9820322,0.9965244,0.2173884,0.2173884,0.03854745,0.10632218
27_assy_0_1,001425.jpg,1,1,1,1,1,0,0,0,0,1,1,1,1,1,0,0,0,0,0.9920141,0.9920141,0.9981186,0.98940253,0.9978667,0.29119703,0.29119703,0.046521306,0.135418
27_assy_0_1,001430.jpg,1,1,1,1,1,0,0,0,0,1,1,1,1,1,0,0,0,0,0.9893441,0.9893441,0.9975204,0.9912176,0.99676716,0.46066427,0.46066427,0.08259646,0.21599758
27_assy_0_1,001435.jpg,1,1,1,1,1,0,0,0,0,1,1,1,1,1,1,1,0,0,0.9772818,0.9772818,0.9947373,0.9866014,0.9927987,0.67356604,0.67356604,0.10048075,0.31538954
27_assy_0_1,001440.jpg,1,1,1,1,1,0,0,0,0,1,1,1,1,1,1,1,0,0,0.9747015,0.9747015,0.9946024,0.98851264,0.9930062,0.8067321,0.8067321,0.14755978,0.31523865
27_assy_0_1,001445.jpg,1,1,1,1,1,0,0,0,0,1,1,1,1,1,1,1,0,0,0.97208863,0.97208863,0.9953023,0.99054843,0.9939063,0.8357827,0.8357827,0.18652418,0.23075221
27_assy_0_1,001450.jpg,1,1,1,1,1,0,0,0,0,1,1,1,1,1,1,1,0,0,0.9718279,0.9718279,0.9961204,0.98806936,0.9954288,0.7604825,0.7604825,0.13400738,0.15912522
27_assy_0_1,001455.jpg,1,1,1,1,1,0,0,0,0,1,1,1,1,1,1,1,0,0,0.9716832,0.9716832,0.9955657,0.9865905,0.99390393,0.70177597,0.70177597,0.17702271,0.08969679
27_assy_0_1,001460.jpg,1,1,1,1,1,0,0,0,0,1,1,1,1,1,1,1,0,0,0.9715216,0.9715216,0.9906572,0.9840506,0.9867666,0.578804,0.578804,0.18391271,0.0647899
27_assy_0_1,001465.jpg,1,1,1,1,1,0,0,0,0,1,1,1,1,1,0,0,0,0,0.9854645,0.9854645,0.98191583,0.9748514,0.97352964,0.455829,0.455829,0.20947552,0.042098764
27_assy_0_1,001470.jpg,1,1,1,1,1,0,0,0,0,1,1,1,1,1,0,0,0,0,0.9933122,0.9933122,0.9909601,0.9818101,0.9872066,0.25235155,0.25235155,0.16303235,0.01844578
27_assy_0_1,001475.jpg,1,1,1,1,1,0,0,0,0,1,1,1,1,1,0,0,0,0,0.99752325,0.99752325,0.99563026,0.98908895,0.9930106,0.17284745,0.17284745,0.14113398,0.0056103924
27_assy_0_1,001480.jpg,1,1,1,1,1,0,0,0,0,1,1,1,1,1,0,0,0,0,0.9982798,0.9982798,0.9977336,0.99126935,0.99666995,0.058190692,0.058190692,0.07520134,0.0050277505
27_assy_0_1,001485.jpg,1,1,1,1,1,0,0,0,0,1,1,1,1,1,0,0,0,0,0.998429,0.998429,0.998235,0.99287695,0.9977933,0.028645212,0.028645212,0.08869613,0.003397644
27_assy_0_1,001490.jpg,1,1,1,1,1,0,0,0,0,1,1,1,1,1,0,0,0,0,0.99821067,0.99821067,0.99806696,0.9945773,0.99727803,0.032563116,0.032563116,0.12175817,0.0050861547
27_assy_0_1,001495.jpg,1,1,1,1,1,0,0,0,0,1,1,1,1,1,0,0,0,0,0.9984132,0.9984132,0.9987675,0.9971106,0.99848336,0.049852915,0.049852915,0.15056701,0.0064765415
27_assy_0_1,001500.jpg,1,1,1,1,1,0,0,0,0,1,1,1,1,1,0,0,0,0,0.9989046,0.9989046,0.99906236,0.99864703,0.99887913,0.07583378,0.07583378,0.1792969,0.010036849
27_assy_0_1,001505.jpg,1,1,1,1,1,0,0,0,0,1,1,1,1,1,0,0,0,0,0.99944276,0.99944276,0.99964845,0.9996904,0.99965537,0.12913324,0.12913324,0.23561573,0.026324518
27_assy_0_1,001510.jpg,1,1,1,1,1,0,0,0,0,1,1,1,1,1,0,0,0,0,0.9994985,0.9994985,0.999848,0.99987614,0.99987745,0.08567391,0.08567391,0.11222277,0.04404134
27_assy_0_1,001515.jpg,1,1,1,1,1,0,0,0,0,1,1,1,1,1,0,0,0,0,0.9995408,0.9995408,0.99991095,0.99994314,0.9999281,0.070308916,0.070308916,0.072246484,0.061443813
27_assy_0_1,001520.jpg,1,1,1,1,1,0,0,0,0,1,1,1,1,1,0,0,0,0,0.99957603,0.99957603,0.99992955,0.999961,0.9999448,0.07881093,0.07881093,0.069927305,0.12940358
27_assy_0_1,001525.jpg,1,1,1,1,1,0,0,0,0,1,1,1,1,1,0,0,0,0,0.99952435,0.99952435,0.99993825,0.9999783,0.99995685,0.071607016,0.071607016,0.07195435,0.24805292
27_assy_0_1,001530.jpg,1,1,1,1,1,0,0,0,0,1,1,1,1,1,0,0,0,0,0.9995499,0.9995499,0.9999479,0.99999046,0.99996567,0.14018004,0.14018004,0.15249045,0.28701586
27_assy_0_1,001535.jpg,1,1,1,1,1,0,0,0,0,1,1,1,1,1,0,0,0,0,0.99976486,0.99976486,0.99997497,0.9999964,0.9999827,0.15778095,0.15778095,0.21632084,0.28288874
27_assy_0_1,001540.jpg,1,1,1,1,1,0,0,0,0,1,1,1,1,1,0,0,0,0,0.99974364,0.99974364,0.9999734,0.9999963,0.9999825,0.20562306,0.20562306,0.31659535,0.3115463
27_assy_0_1,001545.jpg,1,1,1,1,1,0,0,0,0,1,1,1,1,1,0,0,0,0,0.9994041,0.9994041,0.99991024,0.9999896,0.9999409,0.18858929,0.18858929,0.2608538,0.36465517
27_assy_0_1,001550.jpg,1,1,1,1,1,0,0,0,0,1,1,1,1,1,0,0,0,0,0.9988427,0.9988427,0.9998079,0.99997807,0.9998697,0.16001214,0.16001214,0.19811806,0.38913745
27_assy_0_1,001555.jpg,1,1,1,1,1,0,0,0,0,1,1,1,1,1,0,0,0,0,0.9957332,0.9957332,0.9992561,0.9999205,0.9994487,0.09147994,0.09147994,0.10007437,0.3940013
27_assy_0_1,001560.jpg,1,1,1,1,1,0,0,0,0,1,1,1,1,1,0,0,0,0,0.99294126,0.99294126,0.9984366,0.9997805,0.99875224,0.14743263,0.14743263,0.09441612,0.39772788
27_assy_0_1,001565.jpg,1,1,1,1,1,0,0,0,0,1,1,1,1,1,0,0,0,0,0.9829061,0.9829061,0.9953288,0.99917597,0.9961648,0.09671281,0.09671281,0.048382826,0.34403196
27_assy_0_1,001570.jpg,1,1,1,1,1,0,0,0,0,1,1,1,1,1,0,0,0,0,0.9673438,0.9673438,0.99038017,0.9982816,0.99172103,0.059037544,0.059037544,0.024885772,0.24544014
27_assy_0_1,001575.jpg,1,1,1,1,1,0,0,0,0,1,1,1,1,1,0,0,0,0,0.9392726,0.9392726,0.97682357,0.99357325,0.9779539,0.048384,0.048384,0.013108848,0.18719724
27_assy_0_1,001580.jpg,1,1,1,1,1,0,0,0,0,1,1,1,1,1,0,0,0,0,0.9349923,0.9349923,0.97079223,0.9825571,0.9706843,0.040433366,0.040433366,0.007326277,0.122844
27_assy_0_1,001585.jpg,1,1,1,1,1,0,0,0,0,1,1,1,1,1,0,0,0,0,0.8686155,0.8686155,0.92351997,0.96280974,0.9168166,0.022535928,0.022535928,0.003916635,0.098863356
27_assy_0_1,001590.jpg,1,1,1,1,1,0,0,0,0,1,1,1,1,1,0,0,0,0,0.7042341,0.7042341,0.7919724,0.89984876,0.76800305,0.020215143,0.020215143,0.0027159138,0.09460946
27_assy_0_1,001595.jpg,1,1,1,1,1,0,0,0,0,1,1,1,1,1,0,0,0,0,0.55462116,0.55462116,0.6265212,0.79629683,0.57876647,0.021530174,0.021530174,0.0025159756,0.09471598
27_assy_0_1,001600.jpg,1,1,1,1,1,0,0,0,0,0,0,0,1,0,0,0,0,0,0.38950604,0.38950604,0.40751743,0.7178117,0.34862128,0.027950557,0.027950557,0.0028838261,0.09469556
27_assy_0_1,001605.jpg,1,1,1,1,1,0,0,0,0,0,0,0,1,0,0,0,0,0,0.33706614,0.33706614,0.32544473,0.63673735,0.2729788,0.04189064,0.04189064,0.00335429,0.10763771
27_assy_0_1,001610.jpg,1,1,1,1,1,0,0,0,0,0,0,0,1,0,0,0,0,0,0.23440671,0.23440671,0.22579895,0.5550205,0.17609078,0.019848743,0.019848743,0.002176667,0.06850905
27_assy_0_1,001615.jpg,1,1,1,1,1,0,0,0,0,0,0,0,1,0,0,0,0,0,0.27859136,0.27859136,0.22464705,0.5942048,0.17196181,0.024928354,0.024928354,0.0029524276,0.07552861
27_assy_0_1,001620.jpg,1,1,1,1,1,0,0,0,0,0,0,0,1,0,0,0,0,0,0.3130051,0.3130051,0.22090885,0.5970206,0.18659243,0.041136157,0.041136157,0.004447731,0.10651122
27_assy_0_1,001625.jpg,1,1,1,1,1,0,0,0,0,0,0,0,1,0,0,0,0,0,0.35133705,0.35133705,0.2600055,0.6732755,0.2529506,0.096466616,0.096466616,0.009696015,0.20131157
27_assy_0_1,001630.jpg,1,1,1,1,1,0,0,0,0,0,0,0,1,0,0,0,0,0,0.37904245,0.37904245,0.2800656,0.66548884,0.27181897,0.09699784,0.09699784,0.011069915,0.28922963
27_assy_0_1,001635.jpg,1,1,1,1,1,0,0,0,0,1,1,1,1,1,0,0,0,0,0.5752703,0.5752703,0.54780024,0.76508915,0.5665579,0.12747267,0.12747267,0.01515685,0.49630895
27_assy_0_1,001640.jpg,1,1,1,1,1,0,0,0,0,1,1,1,1,1,0,0,0,1,0.7929969,0.7929969,0.82497257,0.86878216,0.8537642,0.11364939,0.11364939,0.01579942,0.5918632
27_assy_0_1,001645.jpg,1,1,1,1,1,0,0,0,0,1,1,1,1,1,0,0,0,1,0.9456768,0.9456768,0.9713613,0.94958377,0.9794875,0.13389044,0.13389044,0.020793244,0.6630375
27_assy_0_1,001650.jpg,1,1,1,1,1,0,0,0,0,1,1,1,1,1,0,0,0,1,0.9873432,0.9873432,0.9954751,0.98304474,0.99694806,0.118292935,0.118292935,0.022042468,0.6563657
27_assy_0_1,001655.jpg,1,1,1,1,1,0,0,0,0,1,1,1,1,1,0,0,0,1,0.99759114,0.99759114,0.99927646,0.99466515,0.9995437,0.08853925,0.08853925,0.0144681875,0.564997
27_assy_0_1,001660.jpg,1,1,1,1,1,0,0,0,0,1,1,1,1,1,0,0,0,1,0.99918264,0.99918264,0.99980634,0.99804926,0.9998958,0.11790027,0.11790027,0.016246522,0.6394533
27_assy_0_1,001665.jpg,1,1,1,1,1,0,0,0,0,1,1,1,1,1,0,0,0,1,0.9997074,0.9997074,0.99995077,0.9992255,0.9999753,0.14296463,0.14296463,0.015484161,0.7325362
27_assy_0_1,001670.jpg,1,1,1,1,1,0,0,0,0,1,1,1,1,1,0,0,0,1,0.9998248,0.9998248,0.9999732,0.99947256,0.99998665,0.18611653,0.18611653,0.022121884,0.78059137
27_assy_0_1,001675.jpg,1,1,1,1,1,0,0,0,0,1,1,1,1,1,0,0,0,1,0.9998524,0.9998524,0.9999809,0.9995221,0.99999,0.19845489,0.19845489,0.02092173,0.7571794
27_assy_0_1,001680.jpg,1,1,1,1,1,0,0,0,0,1,1,1,1,1,0,0,0,1,0.9998921,0.9998921,0.9999889,0.9996332,0.9999937,0.23254581,0.23254581,0.02259869,0.7608278
27_assy_0_1,001685.jpg,1,1,1,1,1,0,0,0,0,1,1,1,1,1,0,0,0,1,0.9998622,0.9998622,0.9999877,0.99953187,0.9999925,0.17998132,0.17998132,0.020550532,0.6870037
27_assy_0_1,001690.jpg,1,1,1,1,1,0,0,0,0,1,1,1,1,1,0,0,0,1,0.9998846,0.9998846,0.9999893,0.99965787,0.99999297,0.20790935,0.20790935,0.024388593,0.57531106
27_assy_0_1,001695.jpg,1,1,1,1,1,0,0,0,0,1,1,1,1,1,0,0,0,0,0.9998778,0.9998778,0.99999034,0.99975187,0.9999932,0.17334273,0.17334273,0.019721502,0.4936695
27_assy_0_1,001700.jpg,1,1,1,1,1,0,0,0,1,1,1,1,1,1,0,0,0,1,0.99988544,0.99988544,0.9999907,0.9997533,0.9999931,0.16099578,0.16099578,0.012218079,0.5133612
27_assy_0_1,001705.jpg,1,1,1,1,1,0,0,0,1,1,1,1,1,1,0,0,0,1,0.99989176,0.99989176,0.99999297,0.999835,0.9999945,0.15428087,0.15428087,0.011792998,0.5148301
27_assy_0_1,001710.jpg,1,1,1,1,1,0,0,0,1,1,1,1,1,1,0,0,0,0,0.99982613,0.99982613,0.9999907,0.999778,0.99999213,0.1583976,0.1583976,0.011537096,0.49242085
27_assy_0_1,001715.jpg,1,1,1,1,1,0,0,0,1,1,1,1,1,1,0,0,0,0,0.9998037,0.9998037,0.9999887,0.9997296,0.99999046,0.109173514,0.109173514,0.00830754,0.45970166
27_assy_0_1,001720.jpg,1,1,1,1,1,0,0,0,1,1,1,1,1,1,0,0,0,0,0.999759,0.999759,0.999984,0.99967885,0.99998665,0.079327926,0.079327926,0.008407729,0.45576048
27_assy_0_1,001725.jpg,1,1,1,1,1,0,0,0,1,1,1,1,1,1,0,0,0,1,0.9997367,0.9997367,0.9999819,0.9996383,0.99998415,0.07696047,0.07696047,0.010784832,0.5337427
27_assy_0_1,001730.jpg,1,1,1,1,1,0,0,0,1,1,1,1,1,1,0,0,0,1,0.999783,0.999783,0.99998164,0.99958295,0.99998355,0.10080034,0.10080034,0.017859107,0.551379
27_assy_0_1,001735.jpg,1,1,1,1,1,0,0,0,1,1,1,1,1,1,0,0,0,1,0.99977654,0.99977654,0.9999751,0.9995153,0.99997795,0.14391993,0.14391993,0.022864724,0.59196746
27_assy_0_1,001740.jpg,1,1,1,1,1,0,0,0,1,1,1,1,1,1,0,0,0,1,0.9998387,0.9998387,0.9999795,0.9995522,0.99998224,0.15497313,0.15497313,0.028343035,0.6223202
27_assy_0_1,001745.jpg,1,1,1,1,1,0,0,0,1,1,1,1,1,1,0,0,0,1,0.9998828,0.9998828,0.9999759,0.99926454,0.99997807,0.13666786,0.13666786,0.03454914,0.6573973
27_assy_0_1,001750.jpg,1,1,1,1,1,0,0,0,1,1,1,1,1,1,0,0,0,1,0.9999231,0.9999231,0.9999795,0.99922276,0.99997973,0.11451346,0.11451346,0.04069384,0.6459643
27_assy_0_1,001755.jpg,1,1,1,1,1,0,0,0,1,1,1,1,1,1,0,0,0,1,0.99993217,0.99993217,0.9999777,0.99927706,0.9999794,0.10840065,0.10840065,0.042422507,0.7066279
27_assy_0_1,001760.jpg,1,1,1,1,1,0,0,0,1,1,1,1,1,1,0,0,0,1,0.99994564,0.99994564,0.9999776,0.9994667,0.9999778,0.074546084,0.074546084,0.056417823,0.7116385
27_assy_0_1,001765.jpg,1,1,1,1,1,0,0,0,1,1,1,1,1,1,0,0,0,1,0.99994504,0.99994504,0.9999697,0.9994337,0.9999653,0.08428345,0.08428345,0.093675956,0.7206894
27_assy_0_1,001770.jpg,1,1,1,1,1,0,0,0,1,1,1,1,1,1,0,0,0,1,0.9999616,0.9999616,0.99998045,0.99963593,0.99997556,0.095011696,0.095011696,0.09189381,0.7885979
27_assy_0_1,001775.jpg,1,1,1,1,1,0,0,0,1,1,1,1,1,1,0,0,0,1,0.9999498,0.9999498,0.99997604,0.99959,0.99997175,0.08625284,0.08625284,0.08449744,0.7914801
27_assy_0_1,001780.jpg,1,1,1,1,1,0,0,0,1,1,1,1,1,1,0,0,0,1,0.9998816,0.9998816,0.99994254,0.99935514,0.9999379,0.052549575,0.052549575,0.047662042,0.7586089
27_assy_0_1,001785.jpg,1,1,1,1,1,0,0,0,1,1,1,1,1,1,0,0,0,1,0.9998939,0.9998939,0.9999502,0.99960715,0.99994636,0.05409804,0.05409804,0.0697816,0.8226029
27_assy_0_1,001790.jpg,1,1,1,1,1,0,0,0,1,1,1,1,1,1,0,0,0,1,0.9998416,0.9998416,0.99992704,0.99968755,0.99993086,0.04353877,0.04353877,0.08261463,0.85970247
27_assy_0_1,001795.jpg,1,1,1,1,1,0,0,0,1,1,1,1,1,1,0,0,0,1,0.9997472,0.9997472,0.99988616,0.99975795,0.9999019,0.03281179,0.03281179,0.08125833,0.8578119
27_assy_0_1,001800.jpg,1,1,1,1,1,0,0,0,1,1,1,1,1,1,0,0,0,1,0.9997907,0.9997907,0.99991024,0.99990726,0.9999224,0.03934027,0.03934027,0.08584103,0.86973083
27_assy_0_1,001805.jpg,1,1,1,1,1,0,0,0,1,1,1,1,1,1,0,0,0,1,0.99974936,0.99974936,0.99989295,0.9998816,0.99990046,0.033986617,0.033986617,0.06919746,0.8407074
27_assy_0_1,001810.jpg,1,1,1,1,1,0,0,0,1,1,1,1,1,1,0,0,0,1,0.9997247,0.9997247,0.9998888,0.9998878,0.99990165,0.054642253,0.054642253,0.08090666,0.89582926
27_assy_0_1,001815.jpg,1,1,1,1,1,0,0,0,1,1,1,1,1,1,0,0,0,1,0.9995914,0.9995914,0.99986327,0.9998882,0.99988306,0.06183084,0.06183084,0.085140355,0.89111346
27_assy_0_1,001820.jpg,1,1,1,1,1,0,0,0,1,1,1,1,1,1,0,0,0,1,0.99942124,0.99942124,0.9997999,0.9998299,0.999819,0.054915246,0.054915246,0.085187815,0.83699065
27_assy_0_1,001825.jpg,1,1,1,1,1,0,0,0,1,1,1,1,1,1,0,0,0,1,0.9996542,0.9996542,0.99985373,0.99985015,0.9998493,0.037785582,0.037785582,0.059166063,0.8017139
27_assy_0_1,001830.jpg,1,1,1,1,1,0,0,0,1,1,1,1,1,1,0,0,0,1,0.99989307,0.99989307,0.9999502,0.99991727,0.99994516,0.038981277,0.038981277,0.05464909,0.81908804
27_assy_0_1,001835.jpg,1,1,1,1,1,0,0,0,1,1,1,1,1,1,0,0,0,1,0.9998945,0.9998945,0.9999466,0.99983907,0.99993634,0.022320913,0.022320913,0.033406343,0.7905301
27_assy_0_1,001840.jpg,1,1,1,1,1,0,0,0,1,1,1,1,1,1,0,0,0,1,0.9999095,0.9999095,0.99995387,0.9997323,0.9999393,0.021122692,0.021122692,0.02807657,0.85318494
27_assy_0_1,001845.jpg,1,1,1,1,1,0,0,0,1,1,1,1,1,1,0,0,0,1,0.9999347,0.9999347,0.99996734,0.9997199,0.9999552,0.035748005,0.035748005,0.034393534,0.901389
27_assy_0_1,001850.jpg,1,1,1,1,1,0,0,0,1,1,1,1,1,1,0,0,0,1,0.99992263,0.99992263,0.99995923,0.9995852,0.99994266,0.03524015,0.03524015,0.04386613,0.8967568
27_assy_0_1,001855.jpg,1,1,1,1,1,0,0,0,1,1,1,1,1,1,0,0,0,1,0.9999285,0.9999285,0.9999578,0.99960226,0.99993885,0.020237679,0.020237679,0.044239018,0.8830113
27_assy_0_1,001860.jpg,1,1,1,1,1,0,0,0,1,1,1,1,1,1,0,0,0,1,0.9999343,0.9999343,0.9999584,0.9996326,0.99993885,0.019607777,0.019607777,0.042156383,0.8719433
27_assy_0_1,001865.jpg,1,1,1,1,1,0,0,0,1,1,1,1,1,1,0,0,0,1,0.99995136,0.99995136,0.999967,0.9996846,0.99994934,0.022137217,0.022137217,0.04556715,0.88330483
27_assy_0_1,001870.jpg,1,1,1,1,1,0,0,0,1,1,1,1,1,1,0,0,0,1,0.9999553,0.9999553,0.9999684,0.9996911,0.99995255,0.023284078,0.023284078,0.04574995,0.8828931
27_assy_0_1,001875.jpg,1,1,1,1,1,0,0,0,1,1,1,1,1,1,0,0,0,1,0.99995327,0.99995327,0.9999652,0.9996979,0.9999492,0.024172952,0.024172952,0.045685034,0.8716527
27_assy_0_1,001880.jpg,1,1,1,1,1,0,0,0,1,1,1,1,1,1,0,0,0,1,0.9999417,0.9999417,0.99996173,0.9997645,0.9999455,0.03437347,0.03437347,0.059530802,0.89465547
27_assy_0_1,001885.jpg,1,1,1,1,1,0,0,0,1,1,1,1,1,1,0,0,0,1,0.9998925,0.9998925,0.9999403,0.99972993,0.99992204,0.09396992,0.09396992,0.093076885,0.92576635
27_assy_0_1,001890.jpg,1,1,1,1,1,0,0,0,1,1,1,1,1,1,0,0,0,1,0.9998166,0.9998166,0.9998946,0.9997557,0.9998796,0.092407696,0.092407696,0.08541874,0.9387459
27_assy_0_1,001895.jpg,1,1,1,1,1,0,0,0,1,1,1,1,1,1,0,0,0,1,0.9997002,0.9997002,0.99980944,0.9997398,0.99979454,0.06224099,0.06224099,0.053664092,0.9275394
27_assy_0_1,001900.jpg,1,1,1,1,1,0,0,0,1,1,1,1,1,1,0,0,0,1,0.9996031,0.9996031,0.9997241,0.99970275,0.9997371,0.065206066,0.065206066,0.049700983,0.928259
27_assy_0_1,001905.jpg,1,1,1,1,1,0,0,0,1,1,1,1,1,1,0,0,0,1,0.99951816,0.99951816,0.9997042,0.99973255,0.9997323,0.10761768,0.10761768,0.057769585,0.9289615
27_assy_0_1,001910.jpg,1,1,1,1,1,0,0,0,1,1,1,1,1,1,0,0,0,1,0.9991565,0.9991565,0.9995369,0.99957436,0.99958676,0.09554442,0.09554442,0.064319365,0.9130259
27_assy_0_1,001915.jpg,1,1,1,1,1,0,0,0,1,1,1,1,1,1,0,0,0,1,0.9981579,0.9981579,0.9989384,0.9993561,0.99929583,0.08251237,0.08251237,0.038148824,0.9194452
27_assy_0_1,001920.jpg,1,1,1,1,1,0,0,0,1,1,1,1,1,1,0,0,0,1,0.9956619,0.9956619,0.99698275,0.9986541,0.9983394,0.058000084,0.058000084,0.032048155,0.8699005
27_assy_0_1,001925.jpg,1,1,1,1,1,0,0,0,1,1,1,1,1,1,0,0,0,1,0.9921023,0.9921023,0.9952408,0.9986784,0.99790996,0.028672643,0.028672643,0.02054349,0.8230307
27_assy_0_1,001930.jpg,1,1,1,1,1,0,0,0,1,1,1,1,1,1,0,0,0,1,0.98876053,0.98876053,0.989156,0.9964521,0.99567443,0.028036704,0.028036704,0.013800594,0.5952744
27_assy_0_1,001935.jpg,1,1,1,1,1,0,0,0,1,1,1,1,1,1,0,0,0,1,0.9896917,0.9896917,0.9881422,0.9967458,0.99489874,0.031047884,0.031047884,0.014195477,0.632416
27_assy_0_1,001940.jpg,1,1,1,1,1,0,0,0,1,1,1,1,1,1,0,0,0,1,0.9850745,0.9850745,0.9814113,0.99613476,0.99314535,0.033137206,0.033137206,0.020918293,0.545752
27_assy_0_1,001945.jpg,1,1,1,1,1,0,0,0,1,1,1,1,1,1,0,0,0,1,0.97935426,0.97935426,0.9775597,0.9946138,0.99267876,0.03639117,0.03639117,0.02707471,0.53426874
27_assy_0_1,001950.jpg,1,1,1,1,1,0,0,0,1,1,1,1,1,1,0,0,0,0,0.9781732,0.9781732,0.9782431,0.9953686,0.9939474,0.019794215,0.019794215,0.023980293,0.4544575
27_assy_0_1,001955.jpg,1,1,1,1,1,0,0,0,1,1,1,1,1,1,0,0,0,0,0.9736038,0.9736038,0.9757916,0.9961547,0.9930943,0.021057867,0.021057867,0.019298892,0.40577304
27_assy_0_1,001960.jpg,1,1,1,1,1,0,0,0,1,1,1,1,1,1,0,0,0,0,0.97663736,0.97663736,0.98190826,0.9969734,0.99484694,0.03575736,0.03575736,0.023749469,0.47966632
27_assy_0_1,001965.jpg,1,1,1,1,1,0,0,0,1,1,1,1,1,1,0,0,0,1,0.9759176,0.9759176,0.98320943,0.99543554,0.9939231,0.12876007,0.12876007,0.056635443,0.5887516
27_assy_0_1,001970.jpg,1,1,1,1,1,0,0,0,1,1,1,1,1,1,0,0,0,1,0.97820663,0.97820663,0.98607165,0.99716634,0.9940567,0.25391802,0.25391802,0.041170955,0.55207044
27_assy_0_1,001975.jpg,1,1,1,1,1,0,0,0,1,1,1,1,1,1,0,0,0,1,0.9795236,0.9795236,0.9873029,0.9965689,0.9943439,0.39286554,0.39286554,0.056351326,0.6420502
27_assy_0_1,001980.jpg,1,1,1,1,1,0,0,0,1,1,1,1,1,1,0,0,0,1,0.9773311,0.9773311,0.9883366,0.9978612,0.99555606,0.16328004,0.16328004,0.05929787,0.65852696
27_assy_0_1,001985.jpg,1,1,1,1,1,0,0,0,1,1,1,1,1,1,0,0,0,1,0.9828514,0.9828514,0.9918801,0.998887,0.9971733,0.079903506,0.079903506,0.039337378,0.5467053
27_assy_0_1,001990.jpg,1,1,1,1,1,0,0,0,1,1,1,1,1,1,0,0,0,1,0.9871573,0.9871573,0.99335045,0.99882275,0.99779177,0.06200465,0.06200465,0.030297076,0.58665633
27_assy_0_1,001995.jpg,1,1,1,1,1,0,0,0,1,1,1,1,1,1,0,0,0,0,0.99134606,0.99134606,0.9960049,0.99951816,0.99874216,0.03538122,0.03538122,0.03208586,0.46511564
27_assy_0_1,002000.jpg,1,1,1,1,1,0,0,0,1,1,1,1,1,1,0,0,0,0,0.98901016,0.98901016,0.9948132,0.99958295,0.9982882,0.052720785,0.052720785,0.03286823,0.3857854
27_assy_0_1,002005.jpg,1,1,1,1,1,0,0,0,1,1,1,1,1,1,0,0,0,0,0.98237175,0.98237175,0.9908963,0.99884063,0.9965076,0.0680049,0.0680049,0.032088026,0.29209098
27_assy_0_1,002010.jpg,1,1,1,1,1,0,0,0,1,1,1,1,1,1,0,0,0,0,0.97764856,0.97764856,0.98146,0.99702007,0.99303097,0.03538524,0.03538524,0.025438128,0.14037894
27_assy_0_1,002015.jpg,1,1,1,1,1,0,0,0,1,1,1,1,1,1,0,0,0,0,0.9794941,0.9794941,0.98659164,0.99866223,0.9948979,0.034961294,0.034961294,0.029354563,0.140826
27_assy_0_1,002020.jpg,1,1,1,1,1,0,0,0,1,1,1,1,1,1,0,0,0,0,0.9868487,0.9868487,0.9918109,0.998882,0.9966928,0.06588502,0.06588502,0.06962944,0.2806848
27_assy_0_1,002025.jpg,1,1,1,1,1,0,0,0,1,1,1,1,1,1,0,0,0,0,0.9929096,0.9929096,0.99609095,0.9991233,0.99731404,0.13594401,0.13594401,0.11796184,0.28318715
27_assy_0_1,002030.jpg,1,1,1,1,1,0,0,0,1,1,1,1,1,1,0,0,0,0,0.9959468,0.9959468,0.99766016,0.9987185,0.9977964,0.19412957,0.19412957,0.11653437,0.37950706
27_assy_0_1,002035.jpg,1,1,1,1,1,0,0,0,1,1,1,1,1,1,0,0,0,1,0.99653167,0.99653167,0.99831855,0.99818283,0.9982886,0.25439844,0.25439844,0.09658271,0.5058262
27_assy_0_1,002040.jpg,1,1,1,1,1,0,0,0,1,1,1,1,1,1,0,0,0,1,0.9965166,0.9965166,0.99836963,0.99759126,0.99836713,0.33482602,0.33482602,0.10555057,0.58172786
27_assy_0_1,002045.jpg,1,1,1,1,1,0,0,0,1,1,1,1,1,1,1,1,0,1,0.99754983,0.99754983,0.99886537,0.99612975,0.99863595,0.60714686,0.60714686,0.12333579,0.7054545
27_assy_0_1,002050.jpg,1,1,1,1,1,0,0,0,1,1,1,1,1,1,1,1,0,1,0.99844164,0.99844164,0.9992487,0.99469674,0.999049,0.6154191,0.6154191,0.11398509,0.78442746
27_assy_0_1,002055.jpg,1,1,1,1,1,0,0,0,1,1,1,1,1,1,1,1,0,1,0.9994286,0.9994286,0.999765,0.9971336,0.9997112,0.5800334,0.5800334,0.14166051,0.8399848
27_assy_0_1,002060.jpg,1,1,1,1,1,0,0,0,1,1,1,1,1,1,0,0,0,1,0.9998124,0.9998124,0.9999361,0.99827063,0.99992895,0.47778636,0.47778636,0.058789242,0.876973
27_assy_0_1,002065.jpg,1,1,1,1,1,0,0,0,1,1,1,1,1,1,1,1,0,1,0.99977714,0.99977714,0.9999305,0.9975547,0.9999169,0.51198083,0.51198083,0.057148676,0.83829033
27_assy_0_1,002070.jpg,1,1,1,1,1,0,0,0,1,1,1,1,1,1,1,1,0,1,0.99977344,0.99977344,0.99992514,0.9974842,0.9999112,0.5011076,0.5011076,0.04686687,0.7767085
27_assy_0_1,002075.jpg,1,1,1,1,1,0,0,0,1,1,1,1,1,1,0,0,0,1,0.9997249,0.9997249,0.9999008,0.99597317,0.99989116,0.43229222,0.43229222,0.030026838,0.76787335
27_assy_0_1,002080.jpg,1,1,1,1,1,0,0,0,1,1,1,1,1,1,1,1,0,1,0.9996928,0.9996928,0.99989796,0.99685514,0.99989796,0.5268734,0.5268734,0.026646947,0.81292254
27_assy_0_1,002085.jpg,1,1,1,1,1,0,0,0,1,1,1,1,1,1,0,0,0,1,0.9997204,0.9997204,0.99990106,0.99683243,0.999897,0.49503094,0.49503094,0.031539917,0.8060797
27_assy_0_1,002090.jpg,1,1,1,1,1,0,0,0,1,1,1,1,1,1,0,0,0,1,0.9997907,0.9997907,0.9999212,0.9968246,0.99991,0.46908733,0.46908733,0.03730472,0.823675
27_assy_0_1,002095.jpg,1,1,1,1,1,0,0,0,1,1,1,1,1,1,0,0,0,1,0.99980456,0.99980456,0.9999304,0.9964623,0.9999138,0.3423749,0.3423749,0.03163096,0.798216
27_assy_0_1,002100.jpg,1,1,1,1,1,0,0,0,1,1,1,1,1,1,0,0,0,1,0.99983084,0.99983084,0.99993324,0.996253,0.9999181,0.27453533,0.27453533,0.025745234,0.8066572
27_assy_0_1,002105.jpg,1,1,1,1,1,0,0,0,1,1,1,1,1,1,0,0,0,1,0.9999037,0.9999037,0.99995804,0.9967372,0.9999478,0.24947326,0.24947326,0.019861981,0.79065263
27_assy_0_1,002110.jpg,1,1,1,1,1,0,0,0,1,1,1,1,1,1,0,0,0,1,0.9999331,0.9999331,0.9999691,0.9969289,0.99995923,0.2939167,0.2939167,0.03132744,0.7749147
27_assy_0_1,002115.jpg,1,1,1,1,1,0,0,0,1,1,1,1,1,1,0,0,0,1,0.99995136,0.99995136,0.9999759,0.99760395,0.99996734,0.24391343,0.24391343,0.037329458,0.8076158
27_assy_0_1,002120.jpg,1,1,1,1,1,0,0,0,1,1,1,1,1,1,0,0,0,1,0.999954,0.999954,0.9999783,0.99749905,0.9999691,0.23257469,0.23257469,0.044994906,0.82870847
27_assy_0_1,002125.jpg,1,1,1,1,1,0,0,0,1,1,1,1,1,1,0,0,0,1,0.9999646,0.9999646,0.99998474,0.998686,0.9999784,0.22165073,0.22165073,0.051967435,0.88467747
27_assy_0_1,002130.jpg,1,1,1,1,1,0,0,0,1,1,1,1,1,1,0,0,0,1,0.99995744,0.99995744,0.99998236,0.9990777,0.99997675,0.12666066,0.12666066,0.06892491,0.8766209
27_assy_0_1,002135.jpg,1,1,1,1,1,0,0,0,1,1,1,1,1,1,0,0,0,1,0.99992657,0.99992657,0.99996734,0.9992749,0.99995756,0.05911519,0.05911519,0.07728672,0.8844863
27_assy_0_1,002140.jpg,1,1,1,1,1,0,0,0,1,1,1,1,1,1,0,0,0,1,0.99990916,0.99990916,0.99995816,0.99961746,0.9999478,0.058132965,0.058132965,0.06684477,0.8742418
27_assy_0_1,002145.jpg,1,1,1,1,1,0,0,0,1,1,1,1,1,1,0,0,0,1,0.99992585,0.99992585,0.9999653,0.99981195,0.9999589,0.06659321,0.06659321,0.073419206,0.8909132
27_assy_0_1,002150.jpg,1,1,1,1,1,0,0,0,1,1,1,1,1,1,0,0,0,1,0.9999169,0.9999169,0.9999676,0.9998596,0.9999666,0.11008071,0.11008071,0.064341255,0.8911228
27_assy_0_1,002155.jpg,1,1,1,1,1,0,0,0,1,1,1,1,1,1,0,0,0,1,0.9999099,0.9999099,0.99996567,0.999902,0.9999677,0.07497092,0.07497092,0.06980375,0.91214657
27_assy_0_1,002160.jpg,1,1,1,1,1,0,0,0,1,1,1,1,1,1,0,0,0,1,0.99989164,0.99989164,0.99995613,0.9999169,0.9999596,0.068283275,0.068283275,0.060354054,0.9160074
27_assy_0_1,002165.jpg,1,1,1,1,1,0,0,0,1,1,1,1,1,1,0,0,0,1,0.9999417,0.9999417,0.99997556,0.9999678,0.9999795,0.062420372,0.062420372,0.06013777,0.9299098
27_assy_0_1,002170.jpg,1,1,1,1,1,0,0,0,1,1,1,1,1,1,0,0,0,1,0.99995434,0.99995434,0.99998033,0.9999727,0.9999839,0.07078739,0.07078739,0.06298461,0.9280691
27_assy_0_1,002175.jpg,1,1,1,1,1,0,0,0,1,1,1,1,1,1,0,0,0,1,0.99994814,0.99994814,0.9999784,0.99995303,0.99998,0.050545547,0.050545547,0.073510244,0.8906139
27_assy_0_1,002180.jpg,1,1,1,1,1,0,0,0,1,1,1,1,1,1,0,0,0,1,0.9999677,0.9999677,0.9999832,0.99992204,0.99998164,0.05550656,0.05550656,0.062294677,0.9034995
27_assy_0_1,002185.jpg,1,1,1,1,1,0,0,0,1,1,1,1,1,1,0,0,0,1,0.99998224,0.99998224,0.9999894,0.9998958,0.99998724,0.08826135,0.08826135,0.0525531,0.92122036
27_assy_0_1,002190.jpg,1,1,1,1,1,0,0,0,1,1,1,1,1,1,0,0,0,1,0.9999888,0.9999888,0.99999213,0.99982905,0.99999046,0.083611,0.083611,0.05515364,0.9351887
27_assy_0_1,002195.jpg,1,1,1,1,1,0,0,0,1,1,1,1,1,1,0,0,0,1,0.99999106,0.99999106,0.9999908,0.9996954,0.9999883,0.062753655,0.062753655,0.050625276,0.92367965
27_assy_0_1,002200.jpg,1,1,1,1,1,0,0,0,1,1,1,1,1,1,0,0,0,1,0.9999912,0.9999912,0.99999166,0.9997694,0.9999881,0.037082434,0.037082434,0.053390436,0.90966326
27_assy_0_1,002205.jpg,1,1,1,1,1,0,0,0,1,1,1,1,1,1,0,0,0,1,0.99998784,0.99998784,0.99998975,0.9998123,0.9999865,0.063316174,0.063316174,0.068069406,0.9016019
27_assy_0_1,002210.jpg,1,1,1,1,1,0,0,0,1,1,1,1,1,1,0,0,0,1,0.99998176,0.99998176,0.9999865,0.9997446,0.99998355,0.07476551,0.07476551,0.09726611,0.8299959
27_assy_0_1,002215.jpg,1,1,1,1,1,0,0,0,1,1,1,1,1,1,0,0,0,1,0.999928,0.999928,0.9999434,0.99915636,0.99993277,0.041834228,0.041834228,0.05046244,0.757902
27_assy_0_1,002220.jpg,1,1,1,1,1,0,0,0,1,1,1,1,1,1,0,0,0,1,0.999801,0.999801,0.9998043,0.99817383,0.99977,0.037176594,0.037176594,0.03116026,0.77479
27_assy_0_1,002225.jpg,1,1,1,1,1,0,0,0,1,1,1,1,1,1,0,0,0,1,0.99882156,0.99882156,0.9988944,0.9967368,0.9987282,0.09289051,0.09289051,0.04615667,0.67743385
27_assy_0_1,002230.jpg,1,1,1,1,1,0,0,0,1,1,1,1,1,1,0,0,0,1,0.9952808,0.9952808,0.9948802,0.99411315,0.99432606,0.17024863,0.17024863,0.108563974,0.5768285
27_assy_0_1,002235.jpg,1,1,1,1,1,0,0,0,1,1,1,1,1,1,0,0,0,0,0.9921163,0.9921163,0.9917337,0.99141437,0.99158454,0.29979175,0.29979175,0.15576595,0.3238955
27_assy_0_1,002240.jpg,1,1,1,1,1,0,0,0,1,1,1,1,1,1,0,0,0,0,0.98699594,0.98699594,0.9893806,0.993652,0.9908467,0.46596366,0.46596366,0.17186491,0.30165353
27_assy_0_1,002245.jpg,1,1,1,1,1,0,0,0,1,1,1,1,1,1,1,1,0,0,0.9863901,0.9863901,0.99103534,0.99522996,0.99173284,0.5936297,0.5936297,0.21061186,0.39443472
27_assy_0_1,002250.jpg,1,1,1,1,1,0,0,0,1,1,1,1,1,1,1,1,0,0,0.9893974,0.9893974,0.99118197,0.99362856,0.99102986,0.6582864,0.6582864,0.27489492,0.41793066
27_assy_0_1,002255.jpg,1,1,1,1,1,0,0,0,1,1,1,1,1,1,1,1,0,0,0.99054736,0.99054736,0.99023926,0.9887277,0.9891418,0.6741892,0.6741892,0.27442744,0.4658014
27_assy_0_1,002260.jpg,1,1,1,1,1,0,0,0,1,1,1,1,1,1,1,1,0,1,0.9950296,0.9950296,0.99359024,0.98831034,0.9922794,0.6416236,0.6416236,0.21995102,0.56557405
27_assy_0_1,002265.jpg,1,1,1,1,1,0,0,0,1,1,1,1,1,1,1,1,0,1,0.99737203,0.99737203,0.9972114,0.9924663,0.9963702,0.7286441,0.7286441,0.30088088,0.55774426
27_assy_0_1,002270.jpg,1,1,1,1,1,0,0,0,1,1,1,1,1,1,1,1,0,1,0.99868256,0.99868256,0.99902415,0.99707496,0.9985455,0.6722845,0.6722845,0.33532107,0.5319372
27_assy_0_1,002275.jpg,1,1,1,1,1,0,0,0,1,1,1,1,1,1,0,0,0,1,0.9996176,0.9996176,0.9997774,0.9983822,0.99969053,0.48970526,0.48970526,0.24004504,0.5800625
27_assy_0_1,002280.jpg,1,1,1,1,1,0,0,0,1,1,1,1,1,1,1,1,0,1,0.9999007,0.9999007,0.9999627,0.99901557,0.99994934,0.5192369,0.5192369,0.1423514,0.7016506
27_assy_0_1,002285.jpg,1,1,1,1,1,0,0,0,1,1,1,1,1,1,0,0,0,1,0.99987245,0.99987245,0.99994886,0.9986589,0.99993324,0.36152247,0.36152247,0.05867367,0.8330773
27_assy_0_1,002290.jpg,1,1,1,1,1,0,0,0,1,1,1,1,1,1,1,1,0,1,0.9997168,0.9997168,0.9998524,0.9973132,0.999819,0.51986104,0.51986104,0.07110875,0.89402
27_assy_0_1,002295.jpg,1,1,1,1,1,0,0,0,1,1,1,1,1,1,1,1,0,1,0.9994758,0.9994758,0.9997514,0.9966162,0.9996711,0.58351696,0.58351696,0.07827503,0.87838
27_assy_0_1,002300.jpg,1,1,1,1,1,0,0,0,1,1,1,1,1,1,1,1,0,1,0.999328,0.999328,0.99970067,0.9964585,0.9996234,0.5467253,0.5467253,0.054914903,0.8878107
27_assy_0_1,002305.jpg,1,1,1,1,1,0,0,0,1,1,1,1,1,1,0,0,0,1,0.99937904,0.99937904,0.99971575,0.99649507,0.9996618,0.48269752,0.48269752,0.039958198,0.8877375
27_assy_0_1,002310.jpg,1,1,1,1,1,0,0,0,1,1,1,1,1,1,0,0,0,1,0.9991924,0.9991924,0.99963677,0.9970619,0.9996038,0.47048265,0.47048265,0.034027178,0.9074717
27_assy_0_1,002315.jpg,1,1,1,1,1,0,0,0,1,1,1,1,1,1,1,1,0,1,0.99928075,0.99928075,0.99967325,0.99689424,0.99963605,0.51360047,0.51360047,0.027760422,0.92110115
27_assy_0_1,002320.jpg,1,1,1,1,1,0,0,0,1,1,1,1,1,1,1,1,0,1,0.9988973,0.9988973,0.9995766,0.9976768,0.99953496,0.5196145,0.5196145,0.030257644,0.9203844
27_assy_0_1,002325.jpg,1,1,1,1,1,0,0,0,1,1,1,1,1,1,1,1,0,1,0.9989814,0.9989814,0.9996462,0.9982299,0.9996413,0.54618335,0.54618335,0.03034525,0.9482757
27_assy_0_1,002330.jpg,1,1,1,1,1,0,0,0,1,1,1,1,1,1,1,1,0,1,0.99918467,0.99918467,0.999676,0.9985575,0.9996369,0.556065,0.556065,0.043630216,0.9513946
27_assy_0_1,002335.jpg,1,1,1,1,1,0,0,0,1,1,1,1,1,1,1,1,0,1,0.999582,0.999582,0.9998512,0.9992611,0.99984217,0.57530826,0.57530826,0.06568572,0.96105975
27_assy_0_1,002340.jpg,1,1,1,1,1,0,0,0,1,1,1,1,1,1,0,0,0,1,0.99987936,0.99987936,0.99996257,0.99958414,0.999962,0.25068492,0.25068492,0.066362984,0.92057055
27_assy_0_1,002345.jpg,1,1,1,1,1,0,0,0,1,1,1,1,1,1,0,0,0,1,0.9999168,0.9999168,0.99997723,0.9996037,0.99997556,0.18912694,0.18912694,0.065125965,0.9241474
27_assy_0_1,002350.jpg,1,1,1,1,1,0,0,0,1,1,1,1,1,1,0,0,0,1,0.99993944,0.99993944,0.99998355,0.9996383,0.99998116,0.19454183,0.19454183,0.09622698,0.92145264
27_assy_0_1,002355.jpg,1,1,1,1,1,0,0,0,1,1,1,1,1,1,0,0,0,1,0.99994385,0.99994385,0.9999844,0.9996126,0.99997866,0.18443549,0.18443549,0.10823872,0.90798515
27_assy_0_1,002360.jpg,1,1,1,1,1,0,0,0,1,1,1,1,1,1,0,0,0,1,0.99996984,0.99996984,0.99999154,0.99969745,0.999987,0.24854587,0.24854587,0.17407727,0.88373065
27_assy_0_1,002365.jpg,1,1,1,1,1,0,0,0,1,1,1,1,1,1,0,0,0,1,0.9999807,0.9999807,0.9999938,0.9997025,0.99998915,0.2478193,0.2478193,0.36417952,0.80971223
27_assy_0_1,002370.jpg,1,1,1,1,1,0,0,0,1,1,1,1,1,1,0,0,0,1,0.99998236,0.99998236,0.99999404,0.99937433,0.99998915,0.31753466,0.31753466,0.3441823,0.71706647
27_assy_0_1,002375.jpg,1,1,1,1,1,0,0,0,1,1,1,1,1,1,0,0,0,1,0.9999862,0.9999862,0.99999475,0.99924976,0.99999034,0.34528092,0.34528092,0.31193987,0.546916
27_assy_0_1,002380.jpg,1,1,1,1,1,0,0,0,1,1,1,1,1,1,0,0,0,0,0.99998844,0.99998844,0.9999949,0.9992091,0.99998987,0.46672708,0.46672708,0.48944262,0.32472557
27_assy_0_1,002385.jpg,1,1,1,1,1,0,0,0,1,1,1,1,1,1,1,1,1,0,0.99999166,0.99999166,0.9999956,0.9991026,0.99998915,0.53405315,0.53405315,0.60275626,0.20558971
27_assy_0_1,002390.jpg,1,1,1,1,1,0,0,0,1,1,1,1,1,1,1,1,1,0,0.9999924,0.9999924,0.99999523,0.9989116,0.9999864,0.55834323,0.55834323,0.6498791,0.13910137
27_assy_0_1,002395.jpg,1,1,1,1,1,0,0,0,1,1,1,1,1,1,1,1,1,0,0.999992,0.999992,0.9999943,0.9990656,0.99998343,0.5879847,0.5879847,0.70401996,0.09205344
27_assy_0_1,002400.jpg,1,1,1,1,1,0,0,0,1,1,1,1,1,1,1,1,1,0,0.9999914,0.9999914,0.99999356,0.99908626,0.99998116,0.5956105,0.5956105,0.7354455,0.057351742
27_assy_0_1,002405.jpg,1,1,1,1,1,0,0,0,1,1,1,1,1,1,1,1,1,0,0.9999895,0.9999895,0.99999297,0.99929357,0.99997973,0.5583972,0.5583972,0.73946273,0.056752317
27_assy_0_1,002410.jpg,1,1,1,1,1,0,0,0,1,1,1,1,1,1,0,0,1,0,0.99998856,0.99998856,0.99999285,0.99943525,0.99998176,0.44581303,0.44581303,0.6768095,0.055303004
27_assy_0_1,002415.jpg,1,1,1,1,1,0,0,0,1,1,1,1,1,1,0,0,0,0,0.9999858,0.9999858,0.99999154,0.99941754,0.9999814,0.42694044,0.42694044,0.4951242,0.078613415
27_assy_0_1,002420.jpg,1,1,1,1,1,0,0,0,1,1,1,1,1,1,1,1,1,0,0.9999918,0.9999918,0.9999943,0.9996146,0.9999877,0.51340806,0.51340806,0.60485953,0.1198283
27_assy_0_1,002425.jpg,1,1,1,1,1,0,0,0,1,1,1,1,1,1,1,1,1,0,0.99999285,0.99999285,0.9999944,0.9997055,0.9999888,0.5010809,0.5010809,0.6776156,0.1401973
27_assy_0_1,002430.jpg,1,1,1,1,1,0,0,0,1,1,1,1,1,1,0,0,0,0,0.9999908,0.9999908,0.9999937,0.99987245,0.99999094,0.27771932,0.27771932,0.42206666,0.17736283
27_assy_0_1,002435.jpg,1,1,1,1,1,0,0,0,1,1,1,1,1,1,0,0,0,0,0.99995697,0.99995697,0.9999788,0.99982965,0.9999728,0.17650566,0.17650566,0.37089556,0.20134902
27_assy_0_1,002440.jpg,1,1,1,1,1,0,0,0,1,1,1,1,1,1,0,0,0,0,0.9999536,0.9999536,0.9999783,0.99991274,0.9999746,0.13701266,0.13701266,0.21939492,0.30281428
27_assy_0_1,002445.jpg,1,1,1,1,1,0,0,0,1,1,1,1,1,1,0,0,0,0,0.9999682,0.9999682,0.99998593,0.999933,0.999984,0.12431298,0.12431298,0.18610114,0.48425236
27_assy_0_1,002450.jpg,1,1,1,1,1,0,0,0,1,1,1,1,1,1,0,0,0,1,0.99996483,0.99996483,0.999987,0.9999509,0.9999856,0.15077162,0.15077162,0.17000796,0.701353
27_assy_0_1,002455.jpg,1,1,1,1,1,0,0,0,1,1,1,1,1,1,0,0,0,1,0.9999163,0.9999163,0.9999759,0.99991727,0.99997604,0.22143416,0.22143416,0.15279783,0.690265
27_assy_0_1,002460.jpg,1,1,1,1,1,0,0,0,1,1,1,1,1,1,0,0,0,1,0.9999063,0.9999063,0.9999746,0.99992955,0.9999757,0.2144322,0.2144322,0.0979296,0.8017928
27_assy_0_1,002465.jpg,1,1,1,1,1,0,0,0,1,1,1,1,1,1,0,0,0,1,0.99981207,0.99981207,0.99995565,0.9999411,0.99996376,0.1091555,0.1091555,0.075414136,0.8464988
27_assy_0_1,002470.jpg,1,1,1,1,1,0,0,0,1,1,1,1,1,1,0,0,0,1,0.99974316,0.99974316,0.9999515,0.9999577,0.99996185,0.08579068,0.08579068,0.05957117,0.8205238
27_assy_0_1,002475.jpg,1,1,1,1,1,0,0,0,1,1,1,1,1,1,0,0,0,1,0.9994941,0.9994941,0.9999212,0.99995625,0.9999399,0.17721854,0.17721854,0.06146969,0.751967
27_assy_0_1,002480.jpg,1,1,1,1,1,0,0,0,1,1,1,1,1,1,0,0,0,1,0.9991959,0.9991959,0.99985933,0.99992263,0.99991465,0.1322809,0.1322809,0.06523719,0.8063452
27_assy_0_1,002485.jpg,1,1,1,1,1,0,0,0,1,1,1,1,1,1,0,0,0,1,0.9994671,0.9994671,0.99989474,0.9999434,0.999948,0.18124706,0.18124706,0.08585971,0.87874913
27_assy_0_1,002490.jpg,1,1,1,1,1,0,0,0,1,1,1,1,1,1,0,0,0,1,0.9984189,0.9984189,0.99966323,0.999846,0.9998535,0.35729757,0.35729757,0.12786564,0.8859808
27_assy_0_1,002495.jpg,1,1,1,1,1,0,0,0,1,1,1,1,1,1,0,0,0,1,0.9949569,0.9949569,0.99924445,0.99969363,0.9997253,0.33495036,0.33495036,0.12240314,0.84936523
27_assy_0_1,002500.jpg,1,1,1,1,1,0,0,0,1,1,1,1,1,1,0,0,0,1,0.99289787,0.99289787,0.9992993,0.99970883,0.9997856,0.3420971,0.3420971,0.103824936,0.81169856
27_assy_0_1,002505.jpg,1,1,1,1,1,0,0,0,1,1,1,1,1,1,0,0,0,1,0.99329704,0.99329704,0.99926454,0.9997533,0.9997881,0.35762256,0.35762256,0.09346242,0.8070772
27_assy_0_1,002510.jpg,1,1,1,1,1,0,0,0,1,1,1,1,1,1,0,0,0,1,0.9935674,0.9935674,0.9993193,0.9998636,0.99985445,0.29403874,0.29403874,0.09388162,0.758689
27_assy_0_1,002515.jpg,1,1,1,1,1,0,0,0,1,1,1,1,1,1,0,0,0,1,0.9923874,0.9923874,0.9993789,0.9998938,0.99987435,0.22428514,0.22428514,0.06061786,0.66138214
27_assy_0_1,002520.jpg,1,1,1,1,1,0,0,0,1,1,1,1,1,1,0,0,0,1,0.9815152,0.9815152,0.99819833,0.99957424,0.99964905,0.3148129,0.3148129,0.049503796,0.6743988
27_assy_0_1,002525.jpg,1,1,1,1,1,0,0,0,1,1,1,1,1,1,0,0,0,1,0.9538742,0.9538742,0.99407744,0.99837947,0.99884194,0.32429168,0.32429168,0.043384764,0.6940537
27_assy_0_1,002530.jpg,1,1,1,1,1,0,0,0,1,1,1,1,1,1,1,1,0,1,0.8731132,0.8731132,0.9784413,0.9919205,0.9947978,0.5060918,0.5060918,0.022708977,0.6614343
27_assy_0_1,002535.jpg,1,1,1,1,1,0,0,0,1,1,1,1,1,1,1,1,0,1,0.84881985,0.84881985,0.9765762,0.9850108,0.99280775,0.75626916,0.75626916,0.014752881,0.7489977
27_assy_0_1,002540.jpg,1,1,1,1,1,0,0,0,1,1,1,1,1,1,1,1,0,1,0.9135293,0.9135293,0.97950864,0.9851093,0.9925844,0.90483135,0.90483135,0.04127711,0.9088625
27_assy_0_1,002545.jpg,1,1,1,1,1,0,0,0,1,1,1,1,1,1,1,1,0,1,0.9716495,0.9716495,0.9866203,0.9890126,0.99428755,0.9699621,0.9699621,0.112542436,0.97719544
27_assy_0_1,002550.jpg,1,1,1,1,1,0,0,0,1,1,1,1,1,1,1,1,0,1,0.9854816,0.9854816,0.9914346,0.99020505,0.9956808,0.9823607,0.9823607,0.1805809,0.9872635
27_assy_0_1,002555.jpg,1,1,1,1,1,0,0,0,1,1,1,1,1,1,1,1,0,1,0.99310136,0.99310136,0.9960598,0.99263376,0.99785906,0.98425657,0.98425657,0.18775608,0.992477
27_assy_0_1,002560.jpg,1,1,1,1,1,0,0,0,1,1,1,1,1,1,1,1,0,1,0.99377763,0.99377763,0.99595284,0.9887016,0.99719596,0.9935489,0.9935489,0.23356791,0.9909774
27_assy_0_1,002565.jpg,1,1,1,1,1,0,0,0,1,1,1,1,1,1,1,1,0,1,0.9967278,0.9967278,0.9980574,0.98868227,0.9984016,0.9973972,0.9973972,0.26465446,0.99016374
27_assy_0_1,002570.jpg,1,1,1,1,1,0,0,0,1,1,1,1,1,1,1,1,0,1,0.99905354,0.99905354,0.99943143,0.99582833,0.99948835,0.99546766,0.99546766,0.31079772,0.98412645
27_assy_0_1,002575.jpg,1,1,1,1,1,0,0,0,1,1,1,1,1,1,1,1,0,1,0.9997875,0.9997875,0.9998908,0.9986607,0.99989057,0.9926603,0.9926603,0.26858246,0.97844076
27_assy_0_1,002580.jpg,1,1,1,1,1,0,0,0,1,1,1,1,1,1,1,1,0,1,0.9999536,0.9999536,0.99997914,0.9995426,0.99997866,0.99098784,0.99098784,0.34543225,0.954323
27_assy_0_1,002585.jpg,1,1,1,1,1,0,0,0,1,1,1,1,1,1,1,1,0,1,0.9999827,0.9999827,0.99999356,0.9997887,0.99999285,0.9796109,0.9796109,0.39907697,0.880198
27_assy_0_1,002590.jpg,1,1,1,1,1,0,0,0,1,1,1,1,1,1,1,1,0,1,0.999964,0.999964,0.9999881,0.99952674,0.9999862,0.9723592,0.9723592,0.2726641,0.8166136
27_assy_0_1,002595.jpg,1,1,1,1,1,0,0,0,1,1,1,1,1,1,1,1,0,1,0.9999212,0.9999212,0.99997437,0.9990926,0.9999734,0.94287735,0.94287735,0.14818707,0.67907685
27_assy_0_1,002600.jpg,1,1,1,1,1,0,0,0,1,1,1,1,1,1,1,1,0,1,0.9998987,0.9998987,0.99996316,0.9983693,0.99996245,0.9045437,0.9045437,0.11031903,0.60174006
27_assy_0_1,002605.jpg,1,1,1,1,1,0,0,0,1,1,1,1,1,1,1,1,0,1,0.9998703,0.9998703,0.9999473,0.9976629,0.99994445,0.8618985,0.8618985,0.10426168,0.5136247
27_assy_0_1,002610.jpg,1,1,1,1,1,0,0,0,1,1,1,1,1,1,1,1,0,0,0.9998367,0.9998367,0.9999273,0.99598384,0.9999256,0.74160266,0.74160266,0.06474151,0.40595606
27_assy_0_1,002615.jpg,1,1,1,1,1,0,0,0,1,1,1,1,1,1,1,1,0,0,0.9997625,0.9997625,0.99989295,0.9926999,0.99987316,0.7403002,0.7403002,0.07233258,0.40824497
27_assy_0_1,002620.jpg,1,1,1,1,1,0,0,0,1,1,1,1,1,1,1,1,0,0,0.99932766,0.99932766,0.9997043,0.9863426,0.99965775,0.72812355,0.72812355,0.07209212,0.36172554
27_assy_0_1,002625.jpg,1,1,1,1,1,0,0,0,1,1,1,1,1,1,1,1,0,0,0.9991103,0.9991103,0.9996338,0.9928901,0.99959475,0.6031361,0.6031361,0.11804114,0.30011702
27_assy_0_1,002630.jpg,1,1,1,1,1,0,0,0,1,1,1,1,1,1,1,1,0,0,0.99883467,0.99883467,0.999592,0.9957846,0.99948597,0.54143924,0.54143924,0.14244166,0.2638638
27_assy_0_1,002635.jpg,1,1,1,1,1,0,0,0,1,1,1,1,1,1,1,1,0,0,0.9989471,0.9989471,0.99967265,0.9956934,0.9995832,0.65338206,0.65338206,0.1824702,0.2719797
27_assy_0_1,002640.jpg,1,1,1,1,1,0,0,0,1,1,1,1,1,1,1,1,0,0,0.9988257,0.9988257,0.99969697,0.99485946,0.99963474,0.6636534,0.6636534,0.18073153,0.27713183
27_assy_0_1,002645.jpg,1,1,1,1,1,0,0,0,1,1,1,1,1,1,1,1,0,0,0.9983797,0.9983797,0.9996301,0.99459946,0.9995478,0.64314044,0.64314044,0.204592,0.27390662
27_assy_0_1,002650.jpg,1,1,1,1,1,0,0,0,1,1,1,1,1,1,1,1,0,0,0.9980769,0.9980769,0.9996424,0.9956989,0.9995683,0.51399964,0.51399964,0.19587462,0.22246177
27_assy_0_1,002655.jpg,1,1,1,1,1,0,0,0,1,1,1,1,1,1,0,0,0,0,0.99805695,0.99805695,0.9996778,0.9968172,0.99958533,0.47893664,0.47893664,0.26006305,0.17583552
27_assy_0_1,002660.jpg,1,1,1,1,1,0,0,0,1,1,1,1,1,1,0,0,0,0,0.99852556,0.99852556,0.9997601,0.9978537,0.9996824,0.48575872,0.48575872,0.35163894,0.13835071
27_assy_0_1,002665.jpg,1,1,1,1,1,0,0,0,1,1,1,1,1,1,0,0,0,0,0.9986351,0.9986351,0.99978703,0.9983607,0.99972814,0.3735566,0.3735566,0.39547512,0.100184895
27_assy_0_1,002670.jpg,1,1,1,1,1,0,0,0,1,1,1,1,1,1,0,0,0,0,0.9993387,0.9993387,0.99991,0.9992244,0.99988234,0.26909825,0.26909825,0.42412812,0.076686844
27_assy_0_1,002675.jpg,1,1,1,1,1,0,0,0,1,1,1,1,1,1,0,0,0,0,0.9996381,0.9996381,0.9999436,0.9990841,0.9999269,0.4251628,0.4251628,0.4656945,0.06381491
27_assy_0_1,002680.jpg,1,1,1,1,1,0,0,0,1,1,1,1,1,1,1,1,1,0,0.9998171,0.9998171,0.99996984,0.99876034,0.9999634,0.68225056,0.68225056,0.5793384,0.067033544
27_assy_0_1,002685.jpg,1,1,1,1,1,0,0,0,1,1,1,1,1,1,1,1,1,0,0.9998301,0.9998301,0.99996936,0.99882096,0.9999614,0.6833132,0.6833132,0.6089053,0.07165967
27_assy_0_1,002690.jpg,1,1,1,1,1,0,0,0,1,1,1,1,1,1,1,1,1,0,0.9998847,0.9998847,0.99997735,0.999204,0.9999713,0.70412904,0.70412904,0.6522704,0.063198164
27_assy_0_1,002695.jpg,1,1,1,1,1,0,0,0,1,1,1,1,1,1,1,1,1,0,0.99994147,0.99994147,0.999987,0.99946576,0.99998355,0.81178916,0.81178916,0.71643263,0.059616193
27_assy_0_1,002700.jpg,1,1,1,1,1,0,0,0,1,1,1,1,1,1,1,1,1,0,0.99997115,0.99997115,0.999992,0.99940026,0.9999894,0.8998172,0.8998172,0.80518615,0.06564842
27_assy_0_1,002705.jpg,1,1,1,1,1,0,0,0,1,1,1,1,1,1,1,1,1,0,0.9999833,0.9999833,0.99999464,0.9992878,0.9999927,0.9561897,0.9561897,0.8297708,0.08961376
27_assy_0_1,002710.jpg,1,1,1,1,1,1,1,1,1,1,1,1,1,1,1,1,1,0,0.9999863,0.9999863,0.99999523,0.99913436,0.9999937,0.953867,0.953867,0.8327136,0.10088697
27_assy_0_1,002715.jpg,1,1,1,1,1,1,1,1,1,1,1,1,1,1,1,1,1,0,0.99998975,0.99998975,0.9999963,0.9991574,0.999995,0.9643092,0.9643092,0.81530994,0.11291478
27_assy_0_1,002720.jpg,1,1,1,1,1,1,1,1,1,1,1,1,1,1,1,1,1,0,0.99999344,0.99999344,0.9999974,0.9991665,0.99999654,0.99154824,0.99154824,0.8893433,0.16257319
27_assy_0_1,002725.jpg,1,1,1,1,1,1,1,1,1,1,1,1,1,1,1,1,1,0,0.99998903,0.99998903,0.9999969,0.99920887,0.99999607,0.99624217,0.99624217,0.8823005,0.22319525
27_assy_0_1,002730.jpg,1,1,1,1,1,1,1,1,1,1,1,1,1,1,1,1,1,0,0.999982,0.999982,0.9999949,0.9995473,0.9999938,0.99671006,0.99671006,0.90645087,0.23483482
27_assy_0_1,002735.jpg,1,1,1,1,1,1,1,1,1,1,1,1,1,1,1,1,1,0,0.99998486,0.99998486,0.9999956,0.999634,0.99999475,0.9982305,0.9982305,0.91673297,0.30035678
27_assy_0_1,002740.jpg,1,1,1,1,1,1,1,1,1,1,1,1,1,1,1,1,1,0,0.9999858,0.9999858,0.999995,0.99961615,0.9999938,0.9990188,0.9990188,0.9358697,0.38801655
27_assy_0_1,002745.jpg,1,1,1,1,1,1,1,1,1,1,1,1,1,1,1,1,1,0,0.99998486,0.99998486,0.99999404,0.999556,0.9999918,0.9988985,0.9988985,0.93290985,0.37330624
27_assy_0_1,002750.jpg,1,1,1,1,1,1,1,1,1,1,1,1,1,1,1,1,1,0,0.999985,0.999985,0.9999939,0.9995906,0.99999094,0.998871,0.998871,0.9392454,0.4373252
27_assy_0_1,002755.jpg,1,1,1,1,1,1,1,1,1,1,1,1,1,1,1,1,1,0,0.99998176,0.99998176,0.999992,0.9994752,0.9999876,0.9984995,0.9984995,0.92985266,0.46859476
27_assy_0_1,002760.jpg,1,1,1,1,1,1,1,1,1,1,1,1,1,1,1,1,1,1,0.9999827,0.9999827,0.99999034,0.99926203,0.999984,0.9991241,0.9991241,0.9418702,0.6281122
27_assy_0_1,002765.jpg,1,1,1,1,1,1,1,1,1,1,1,1,1,1,1,1,1,1,0.99998105,0.99998105,0.9999876,0.99899215,0.9999801,0.9994134,0.9994134,0.9476092,0.7452334
27_assy_0_1,002770.jpg,1,1,1,1,1,1,1,1,1,1,1,1,1,1,1,1,1,1,0.9999758,0.9999758,0.9999819,0.9985562,0.9999701,0.9988028,0.9988028,0.9241403,0.7948056
27_assy_0_1,002775.jpg,1,1,1,1,1,1,1,1,1,1,1,1,1,1,1,1,1,1,0.9999858,0.9999858,0.99998224,0.99801886,0.99996734,0.9978678,0.9978678,0.93592304,0.85240734
27_assy_0_1,002780.jpg,1,1,1,1,1,1,1,1,1,1,1,1,1,1,1,1,1,1,0.9999918,0.9999918,0.9999862,0.9972121,0.9999726,0.99674785,0.99674785,0.92755574,0.8987212
