frame_idx,true,mlp_raw,mlp_smooth,mlp_k3
0,0.0,0.6666666666666666,0.5555555555555556,0.0
1,0.0,0.5555555555555556,0.5555555555555556,0.0
2,0.0,0.5555555555555556,0.5555555555555556,0.5555555555555556
3,0.0,0.5555555555555556,0.5555555555555556,0.5555555555555556
4,0.0,0.5555555555555556,0.5555555555555556,0.5555555555555556
5,0.0,0.5555555555555556,0.5555555555555556,0.5555555555555556
6,0.0,0.5555555555555556,0.5555555555555556,0.5555555555555556
7,0.0,0.5555555555555556,0.5555555555555556,0.5555555555555556
8,0.0,0.5555555555555556,0.5555555555555556,0.5555555555555556
9,0.0,0.5555555555555556,0.5555555555555556,0.5555555555555556
10,0.0,0.5555555555555556,0.5555555555555556,0.5555555555555556
11,0.0,0.5555555555555556,0.5555555555555556,0.5555555555555556
12,0.0,0.4444444444444444,0.5555555555555556,0.5555555555555556
13,0.0,0.4444444444444444,0.5555555555555556,0.5555555555555556
14,0.0,0.1111111111111111,0.5555555555555556,0.5555555555555556
15,0.0,0.1111111111111111,0.5555555555555556,0.5555555555555556
16,0.0,0.1111111111111111,0.5555555555555556,0.5555555555555556
17,0.0,0.0,0.4444444444444444,0.5555555555555556
18,0.0,0.0,0.4444444444444444,0.5555555555555556
19,0.0,0.0,0.3333333333333333,0.5555555555555556
20,0.0,0.0,0.1111111111111111,0.5555555555555556
21,0.0,0.1111111111111111,0.1111111111111111,0.5555555555555556
22,0.0,0.1111111111111111,0.1111111111111111,0.5555555555555556
23,0.0,0.1111111111111111,0.1111111111111111,0.5555555555555556
24,0.0,0.3333333333333333,0.1111111111111111,0.5555555555555556
25,0.0,0.7777777777777778,0.1111111111111111,0.5555555555555556
26,0.0,0.7777777777777778,0.1111111111111111,0.5555555555555556
27,0.0,0.7777777777777778,0.1111111111111111,0.5555555555555556
28,0.0,0.7777777777777778,0.1111111111111111,0.5555555555555556
29,0.0,0.7777777777777778,0.1111111111111111,0.5555555555555556
30,0.0,0.7777777777777778,0.1111111111111111,0.5555555555555556
31,0.0,0.7777777777777778,0.1111111111111111,0.5555555555555556
32,0.0,0.5555555555555556,0.3333333333333333,0.5555555555555556
33,0.0,0.5555555555555556,0.3333333333333333,0.5555555555555556
34,0.0,0.5555555555555556,0.3333333333333333,0.5555555555555556
35,0.0,0.5555555555555556,0.5555555555555556,0.5555555555555556
36,0.0,0.5555555555555556,0.5555555555555556,0.5555555555555556
37,0.0,0.3333333333333333,0.5555555555555556,0.5555555555555556
38,0.0,0.3333333333333333,0.5555555555555556,0.5555555555555556
39,0.0,0.3333333333333333,0.5555555555555556,0.5555555555555556
40,0.0,0.3333333333333333,0.5555555555555556,0.5555555555555556
41,0.0,0.3333333333333333,0.5555555555555556,0.5555555555555556
42,0.0,0.3333333333333333,0.5555555555555556,0.5555555555555556
43,0.0,0.3333333333333333,0.5555555555555556,0.5555555555555556
44,0.0,0.5555555555555556,0.3333333333333333,0.5555555555555556
45,0.0,0.5555555555555556,0.3333333333333333,0.5555555555555556
46,0.0,0.5555555555555556,0.3333333333333333,0.5555555555555556
47,0.0,0.5555555555555556,0.3333333333333333,0.5555555555555556
48,0.0,0.5555555555555556,0.3333333333333333,0.5555555555555556
49,0.0,0.5555555555555556,0.3333333333333333,0.5555555555555556
50,0.2222222222222222,0.3333333333333333,0.3333333333333333,0.5555555555555556
51,0.2222222222222222,0.5555555555555556,0.3333333333333333,0.5555555555555556
52,0.2222222222222222,0.5555555555555556,0.3333333333333333,0.5555555555555556
53,0.2222222222222222,0.5555555555555556,0.3333333333333333,0.5555555555555556
54,0.2222222222222222,0.5555555555555556,0.3333333333333333,0.5555555555555556
55,0.2222222222222222,0.5555555555555556,0.3333333333333333,0.5555555555555556
56,0.2222222222222222,0.5555555555555556,0.5555555555555556,0.5555555555555556
57,0.2222222222222222,0.5555555555555556,0.5555555555555556,0.5555555555555556
58,0.2222222222222222,0.5555555555555556,0.5555555555555556,0.5555555555555556
59,0.2222222222222222,0.5555555555555556,0.5555555555555556,0.5555555555555556
60,0.2222222222222222,0.5555555555555556,0.5555555555555556,0.5555555555555556
61,0.2222222222222222,0.5555555555555556,0.5555555555555556,0.5555555555555556
62,0.2222222222222222,0.7777777777777778,0.5555555555555556,0.5555555555555556
63,0.2222222222222222,0.7777777777777778,0.5555555555555556,0.5555555555555556
64,0.2222222222222222,0.5555555555555556,0.5555555555555556,0.5555555555555556
65,0.2222222222222222,0.5555555555555556,0.5555555555555556,0.5555555555555556
66,0.2222222222222222,0.5555555555555556,0.5555555555555556,0.5555555555555556
67,0.2222222222222222,0.5555555555555556,0.5555555555555556,0.5555555555555556
68,0.2222222222222222,0.5555555555555556,0.5555555555555556,0.5555555555555556
69,0.2222222222222222,0.5555555555555556,0.5555555555555556,0.5555555555555556
70,0.2222222222222222,0.5555555555555556,0.5555555555555556,0.5555555555555556
71,0.2222222222222222,0.5555555555555556,0.5555555555555556,0.5555555555555556
72,0.2222222222222222,0.5555555555555556,0.5555555555555556,0.5555555555555556
73,0.2222222222222222,0.5555555555555556,0.5555555555555556,0.5555555555555556
74,0.2222222222222222,0.5555555555555556,0.5555555555555556,0.5555555555555556
75,0.2222222222222222,0.5555555555555556,0.5555555555555556,0.5555555555555556
76,0.2222222222222222,0.5555555555555556,0.5555555555555556,0.5555555555555556
77,0.2222222222222222,0.5555555555555556,0.5555555555555556,0.5555555555555556
78,0.2222222222222222,0.5555555555555556,0.5555555555555556,0.5555555555555556
79,0.2222222222222222,0.5555555555555556,0.5555555555555556,0.5555555555555556
80,0.2222222222222222,0.5555555555555556,0.5555555555555556,0.5555555555555556
81,0.2222222222222222,0.5555555555555556,0.5555555555555556,0.5555555555555556
82,0.2222222222222222,0.5555555555555556,0.5555555555555556,0.5555555555555556
83,0.2222222222222222,0.5555555555555556,0.5555555555555556,0.5555555555555556
84,0.2222222222222222,0.5555555555555556,0.5555555555555556,0.5555555555555556
85,0.2222222222222222,0.5555555555555556,0.5555555555555556,0.5555555555555556
86,0.2222222222222222,0.5555555555555556,0.5555555555555556,0.5555555555555556
87,0.2222222222222222,0.5555555555555556,0.5555555555555556,0.5555555555555556
88,0.2222222222222222,0.5555555555555556,0.5555555555555556,0.5555555555555556
89,0.2222222222222222,0.5555555555555556,0.5555555555555556,0.5555555555555556
90,0.2222222222222222,0.3333333333333333,0.5555555555555556,0.5555555555555556
91,0.2222222222222222,0.3333333333333333,0.5555555555555556,0.5555555555555556
92,0.2222222222222222,0.3333333333333333,0.5555555555555556,0.5555555555555556
93,0.2222222222222222,0.3333333333333333,0.5555555555555556,0.5555555555555556
94,0.2222222222222222,0.5555555555555556,0.5555555555555556,0.5555555555555556
95,0.2222222222222222,0.5555555555555556,0.5555555555555556,0.5555555555555556
96,0.2222222222222222,0.5555555555555556,0.5555555555555556,0.5555555555555556
97,0.2222222222222222,0.5555555555555556,0.5555555555555556,0.5555555555555556
98,0.2222222222222222,0.5555555555555556,0.5555555555555556,0.5555555555555556
99,0.2222222222222222,0.5555555555555556,0.5555555555555556,0.5555555555555556
100,0.2222222222222222,0.5555555555555556,0.5555555555555556,0.5555555555555556
101,0.2222222222222222,0.5555555555555556,0.5555555555555556,0.5555555555555556
102,0.2222222222222222,0.5555555555555556,0.5555555555555556,0.5555555555555556
103,0.2222222222222222,0.5555555555555556,0.5555555555555556,0.5555555555555556
104,0.2222222222222222,0.5555555555555556,0.5555555555555556,0.5555555555555556
105,0.2222222222222222,0.5555555555555556,0.5555555555555556,0.5555555555555556
106,0.2222222222222222,0.5555555555555556,0.5555555555555556,0.5555555555555556
107,0.2222222222222222,0.5555555555555556,0.5555555555555556,0.5555555555555556
108,0.2222222222222222,0.5555555555555556,0.5555555555555556,0.5555555555555556
109,0.2222222222222222,0.5555555555555556,0.5555555555555556,0.5555555555555556
110,0.2222222222222222,0.7777777777777778,0.5555555555555556,0.5555555555555556
111,0.2222222222222222,0.7777777777777778,0.5555555555555556,0.5555555555555556
112,0.2222222222222222,0.8888888888888888,0.5555555555555556,0.5555555555555556
113,0.2222222222222222,0.8888888888888888,0.5555555555555556,0.5555555555555556
114,0.2222222222222222,0.8888888888888888,0.5555555555555556,0.5555555555555556
115,0.2222222222222222,0.7777777777777778,0.5555555555555556,0.5555555555555556
116,0.2222222222222222,0.7777777777777778,0.5555555555555556,0.5555555555555556
117,0.2222222222222222,0.7777777777777778,0.5555555555555556,0.5555555555555556
118,0.2222222222222222,0.7777777777777778,0.5555555555555556,0.5555555555555556
119,0.2222222222222222,0.5555555555555556,0.5555555555555556,0.5555555555555556
120,0.2222222222222222,0.5555555555555556,0.5555555555555556,0.5555555555555556
121,0.2222222222222222,0.5555555555555556,0.5555555555555556,0.5555555555555556
122,0.2222222222222222,0.5555555555555556,0.5555555555555556,0.5555555555555556
123,0.2222222222222222,0.5555555555555556,0.5555555555555556,0.5555555555555556
124,0.2222222222222222,0.5555555555555556,0.5555555555555556,0.5555555555555556
125,0.2222222222222222,0.5555555555555556,0.5555555555555556,0.5555555555555556
126,0.2222222222222222,0.5555555555555556,0.5555555555555556,0.5555555555555556
127,0.2222222222222222,0.5555555555555556,0.5555555555555556,0.5555555555555556
128,0.2222222222222222,0.5555555555555556,0.5555555555555556,0.5555555555555556
129,0.2222222222222222,0.5555555555555556,0.5555555555555556,0.5555555555555556
130,0.2222222222222222,0.5555555555555556,0.5555555555555556,0.5555555555555556
131,0.2222222222222222,0.5555555555555556,0.5555555555555556,0.5555555555555556
132,0.4444444444444444,0.5555555555555556,0.5555555555555556,0.5555555555555556
133,0.4444444444444444,0.5555555555555556,0.5555555555555556,0.5555555555555556
134,0.4444444444444444,0.5555555555555556,0.5555555555555556,0.5555555555555556
135,0.4444444444444444,0.5555555555555556,0.5555555555555556,0.5555555555555556
136,0.4444444444444444,0.5555555555555556,0.5555555555555556,0.5555555555555556
137,0.4444444444444444,0.5555555555555556,0.5555555555555556,0.5555555555555556
138,0.4444444444444444,0.7777777777777778,0.5555555555555556,0.5555555555555556
139,0.4444444444444444,0.7777777777777778,0.5555555555555556,0.5555555555555556
140,0.4444444444444444,0.7777777777777778,0.5555555555555556,0.5555555555555556
141,0.4444444444444444,0.7777777777777778,0.5555555555555556,0.5555555555555556
142,0.4444444444444444,0.7777777777777778,0.5555555555555556,0.5555555555555556
143,0.4444444444444444,0.7777777777777778,0.5555555555555556,0.5555555555555556
144,0.4444444444444444,0.7777777777777778,0.5555555555555556,0.5555555555555556
145,0.4444444444444444,0.8888888888888888,0.5555555555555556,0.5555555555555556
146,0.4444444444444444,0.7777777777777778,0.5555555555555556,0.5555555555555556
147,0.4444444444444444,0.7777777777777778,0.5555555555555556,0.5555555555555556
148,0.4444444444444444,0.7777777777777778,0.5555555555555556,0.5555555555555556
149,0.4444444444444444,0.5555555555555556,0.5555555555555556,0.5555555555555556
150,0.4444444444444444,0.5555555555555556,0.5555555555555556,0.5555555555555556
151,0.4444444444444444,0.5555555555555556,0.5555555555555556,0.5555555555555556
152,0.4444444444444444,0.5555555555555556,0.5555555555555556,0.5555555555555556
153,0.4444444444444444,0.5555555555555556,0.5555555555555556,0.5555555555555556
154,0.4444444444444444,0.5555555555555556,0.5555555555555556,0.5555555555555556
155,0.4444444444444444,0.5555555555555556,0.5555555555555556,0.5555555555555556
156,0.4444444444444444,0.5555555555555556,0.5555555555555556,0.5555555555555556
157,0.4444444444444444,0.5555555555555556,0.5555555555555556,0.5555555555555556
158,0.4444444444444444,0.5555555555555556,0.5555555555555556,0.5555555555555556
159,0.4444444444444444,0.5555555555555556,0.5555555555555556,0.5555555555555556
160,0.4444444444444444,0.5555555555555556,0.5555555555555556,0.5555555555555556
161,0.4444444444444444,0.5555555555555556,0.5555555555555556,0.5555555555555556
162,0.4444444444444444,0.5555555555555556,0.5555555555555556,0.5555555555555556
163,0.4444444444444444,0.5555555555555556,0.5555555555555556,0.5555555555555556
164,0.4444444444444444,0.5555555555555556,0.5555555555555556,0.5555555555555556
165,0.4444444444444444,0.5555555555555556,0.5555555555555556,0.5555555555555556
166,0.4444444444444444,0.5555555555555556,0.5555555555555556,0.5555555555555556
167,0.4444444444444444,0.5555555555555556,0.5555555555555556,0.5555555555555556
168,0.4444444444444444,0.5555555555555556,0.5555555555555556,0.5555555555555556
169,0.5555555555555556,0.5555555555555556,0.5555555555555556,0.5555555555555556
170,0.5555555555555556,0.5555555555555556,0.5555555555555556,0.5555555555555556
171,0.5555555555555556,0.5555555555555556,0.5555555555555556,0.5555555555555556
172,0.5555555555555556,0.5555555555555556,0.5555555555555556,0.5555555555555556
173,0.5555555555555556,0.5555555555555556,0.5555555555555556,0.5555555555555556
174,0.5555555555555556,0.5555555555555556,0.5555555555555556,0.5555555555555556
175,0.5555555555555556,0.5555555555555556,0.5555555555555556,0.5555555555555556
176,0.5555555555555556,0.5555555555555556,0.5555555555555556,0.5555555555555556
177,0.5555555555555556,0.5555555555555556,0.5555555555555556,0.5555555555555556
178,0.5555555555555556,0.5555555555555556,0.5555555555555556,0.5555555555555556
179,0.5555555555555556,0.5555555555555556,0.5555555555555556,0.5555555555555556
180,0.5555555555555556,0.5555555555555556,0.5555555555555556,0.5555555555555556
181,0.5555555555555556,0.5555555555555556,0.5555555555555556,0.5555555555555556
182,0.5555555555555556,0.5555555555555556,0.5555555555555556,0.5555555555555556
183,0.5555555555555556,0.5555555555555556,0.5555555555555556,0.5555555555555556
184,0.5555555555555556,0.5555555555555556,0.5555555555555556,0.5555555555555556
185,0.5555555555555556,0.5555555555555556,0.5555555555555556,0.5555555555555556
186,0.5555555555555556,0.5555555555555556,0.5555555555555556,0.5555555555555556
187,0.5555555555555556,0.5555555555555556,0.5555555555555556,0.5555555555555556
188,0.5555555555555556,0.5555555555555556,0.5555555555555556,0.5555555555555556
189,0.5555555555555556,0.5555555555555556,0.5555555555555556,0.5555555555555556
190,0.5555555555555556,0.5555555555555556,0.5555555555555556,0.5555555555555556
191,0.5555555555555556,0.5555555555555556,0.5555555555555556,0.5555555555555556
192,0.5555555555555556,0.5555555555555556,0.5555555555555556,0.5555555555555556
193,0.5555555555555556,0.5555555555555556,0.5555555555555556,0.5555555555555556
194,0.5555555555555556,0.5555555555555556,0.5555555555555556,0.5555555555555556
195,0.5555555555555556,0.5555555555555556,0.5555555555555556,0.5555555555555556
196,0.5555555555555556,0.5555555555555556,0.5555555555555556,0.5555555555555556
197,0.5555555555555556,0.3333333333333333,0.5555555555555556,0.5555555555555556
198,0.5555555555555556,0.3333333333333333,0.5555555555555556,0.5555555555555556
199,0.5555555555555556,0.3333333333333333,0.5555555555555556,0.5555555555555556
200,0.5555555555555556,0.3333333333333333,0.5555555555555556,0.5555555555555556
201,0.5555555555555556,0.5555555555555556,0.5555555555555556,0.5555555555555556
202,0.5555555555555556,0.5555555555555556,0.5555555555555556,0.5555555555555556
203,0.5555555555555556,0.5555555555555556,0.5555555555555556,0.5555555555555556
204,0.5555555555555556,0.5555555555555556,0.5555555555555556,0.5555555555555556
205,0.5555555555555556,0.3333333333333333,0.5555555555555556,0.5555555555555556
206,0.5555555555555556,0.3333333333333333,0.4444444444444444,0.5555555555555556
207,0.5555555555555556,0.2222222222222222,0.3333333333333333,0.5555555555555556
208,0.5555555555555556,0.3333333333333333,0.3333333333333333,0.5555555555555556
209,0.5555555555555556,0.3333333333333333,0.1111111111111111,0.5555555555555556
210,0.5555555555555556,0.2222222222222222,0.1111111111111111,0.5555555555555556
211,0.5555555555555556,0.2222222222222222,0.1111111111111111,0.5555555555555556
212,0.5555555555555556,0.0,0.1111111111111111,0.5555555555555556
213,0.5555555555555556,0.1111111111111111,0.1111111111111111,0.5555555555555556
214,0.5555555555555556,0.3333333333333333,0.1111111111111111,0.5555555555555556
215,0.5555555555555556,0.5555555555555556,0.1111111111111111,0.5555555555555556
216,0.5555555555555556,0.5555555555555556,0.2222222222222222,0.5555555555555556
217,0.5555555555555556,0.5555555555555556,0.2222222222222222,0.5555555555555556
218,0.5555555555555556,0.5555555555555556,0.2222222222222222,0.5555555555555556
219,0.5555555555555556,0.5555555555555556,0.3333333333333333,0.5555555555555556
220,0.5555555555555556,0.5555555555555556,0.3333333333333333,0.5555555555555556
221,0.5555555555555556,0.5555555555555556,0.3333333333333333,0.5555555555555556
222,0.5555555555555556,0.5555555555555556,0.5555555555555556,0.5555555555555556
223,0.5555555555555556,0.5555555555555556,0.5555555555555556,0.5555555555555556
224,0.5555555555555556,0.5555555555555556,0.5555555555555556,0.5555555555555556
225,0.5555555555555556,0.5555555555555556,0.5555555555555556,0.5555555555555556
226,0.5555555555555556,0.5555555555555556,0.5555555555555556,0.5555555555555556
227,0.5555555555555556,0.5555555555555556,0.5555555555555556,0.5555555555555556
228,0.5555555555555556,0.5555555555555556,0.5555555555555556,0.5555555555555556
229,0.5555555555555556,0.5555555555555556,0.5555555555555556,0.5555555555555556
230,0.5555555555555556,0.5555555555555556,0.5555555555555556,0.5555555555555556
231,0.5555555555555556,0.5555555555555556,0.5555555555555556,0.5555555555555556
232,0.5555555555555556,0.5555555555555556,0.5555555555555556,0.5555555555555556
233,0.5555555555555556,0.5555555555555556,0.5555555555555556,0.5555555555555556
234,0.5555555555555556,0.5555555555555556,0.5555555555555556,0.5555555555555556
235,0.5555555555555556,0.5555555555555556,0.5555555555555556,0.5555555555555556
236,0.5555555555555556,0.5555555555555556,0.5555555555555556,0.5555555555555556
237,0.5555555555555556,0.5555555555555556,0.5555555555555556,0.5555555555555556
238,0.5555555555555556,0.5555555555555556,0.5555555555555556,0.5555555555555556
239,0.5555555555555556,0.5555555555555556,0.5555555555555556,0.5555555555555556
240,0.5555555555555556,0.6666666666666666,0.5555555555555556,0.5555555555555556
241,0.5555555555555556,0.5555555555555556,0.5555555555555556,0.5555555555555556
242,0.5555555555555556,0.6666666666666666,0.5555555555555556,0.5555555555555556
243,0.5555555555555556,0.5555555555555556,0.5555555555555556,0.5555555555555556
244,0.5555555555555556,0.5555555555555556,0.5555555555555556,0.5555555555555556
245,0.5555555555555556,0.6666666666666666,0.5555555555555556,0.5555555555555556
246,0.5555555555555556,0.6666666666666666,0.5555555555555556,0.5555555555555556
247,0.5555555555555556,0.6666666666666666,0.5555555555555556,0.5555555555555556
248,0.5555555555555556,0.5555555555555556,0.5555555555555556,0.5555555555555556
249,0.5555555555555556,0.5555555555555556,0.5555555555555556,0.5555555555555556
250,0.5555555555555556,0.5555555555555556,0.5555555555555556,0.5555555555555556
251,0.5555555555555556,0.5555555555555556,0.5555555555555556,0.5555555555555556
252,0.5555555555555556,0.5555555555555556,0.5555555555555556,0.5555555555555556
253,0.5555555555555556,0.5555555555555556,0.5555555555555556,0.5555555555555556
254,0.5555555555555556,0.5555555555555556,0.5555555555555556,0.5555555555555556
255,0.5555555555555556,0.5555555555555556,0.5555555555555556,0.5555555555555556
256,0.5555555555555556,0.5555555555555556,0.5555555555555556,0.5555555555555556
257,0.5555555555555556,0.5555555555555556,0.5555555555555556,0.5555555555555556
258,0.5555555555555556,0.5555555555555556,0.5555555555555556,0.5555555555555556
259,0.5555555555555556,0.5555555555555556,0.5555555555555556,0.5555555555555556
260,0.5555555555555556,0.5555555555555556,0.5555555555555556,0.5555555555555556
261,0.5555555555555556,0.5555555555555556,0.5555555555555556,0.5555555555555556
262,0.5555555555555556,0.5555555555555556,0.5555555555555556,0.5555555555555556
263,0.5555555555555556,0.5555555555555556,0.5555555555555556,0.5555555555555556
264,0.5555555555555556,0.5555555555555556,0.5555555555555556,0.5555555555555556
265,0.5555555555555556,0.5555555555555556,0.5555555555555556,0.5555555555555556
266,0.5555555555555556,0.5555555555555556,0.5555555555555556,0.5555555555555556
267,0.5555555555555556,0.5555555555555556,0.5555555555555556,0.5555555555555556
268,0.5555555555555556,0.5555555555555556,0.5555555555555556,0.5555555555555556
269,0.5555555555555556,0.5555555555555556,0.5555555555555556,0.5555555555555556
270,0.5555555555555556,0.5555555555555556,0.5555555555555556,0.5555555555555556
271,0.5555555555555556,0.5555555555555556,0.5555555555555556,0.5555555555555556
272,0.5555555555555556,0.5555555555555556,0.5555555555555556,0.5555555555555556
273,0.5555555555555556,0.5555555555555556,0.5555555555555556,0.5555555555555556
274,0.5555555555555556,0.5555555555555556,0.5555555555555556,0.5555555555555556
275,0.5555555555555556,0.5555555555555556,0.5555555555555556,0.5555555555555556
276,0.5555555555555556,0.5555555555555556,0.5555555555555556,0.5555555555555556
277,0.5555555555555556,0.5555555555555556,0.5555555555555556,0.5555555555555556
278,0.5555555555555556,0.5555555555555556,0.5555555555555556,0.5555555555555556
279,0.5555555555555556,0.5555555555555556,0.5555555555555556,0.5555555555555556
280,0.5555555555555556,0.5555555555555556,0.5555555555555556,0.5555555555555556
281,0.5555555555555556,0.5555555555555556,0.5555555555555556,0.5555555555555556
282,0.5555555555555556,0.5555555555555556,0.5555555555555556,0.5555555555555556
283,0.5555555555555556,0.5555555555555556,0.5555555555555556,0.5555555555555556
284,0.5555555555555556,0.5555555555555556,0.5555555555555556,0.5555555555555556
285,0.5555555555555556,0.5555555555555556,0.5555555555555556,0.5555555555555556
286,0.5555555555555556,0.5555555555555556,0.5555555555555556,0.5555555555555556
287,0.5555555555555556,0.7777777777777778,0.5555555555555556,0.5555555555555556
288,0.5555555555555556,0.7777777777777778,0.5555555555555556,0.5555555555555556
289,0.5555555555555556,0.7777777777777778,0.5555555555555556,0.5555555555555556
290,0.5555555555555556,0.7777777777777778,0.5555555555555556,0.5555555555555556
291,0.5555555555555556,0.7777777777777778,0.5555555555555556,0.5555555555555556
292,0.5555555555555556,0.7777777777777778,0.5555555555555556,0.5555555555555556
293,0.5555555555555556,0.5555555555555556,0.5555555555555556,0.5555555555555556
294,0.5555555555555556,0.5555555555555556,0.5555555555555556,0.5555555555555556
295,0.5555555555555556,0.5555555555555556,0.5555555555555556,0.5555555555555556
296,0.5555555555555556,0.5555555555555556,0.5555555555555556,0.5555555555555556
297,0.5555555555555556,0.5555555555555556,0.5555555555555556,0.5555555555555556
298,0.5555555555555556,0.5555555555555556,0.5555555555555556,0.5555555555555556
299,0.5555555555555556,0.5555555555555556,0.5555555555555556,0.5555555555555556
300,0.5555555555555556,0.5555555555555556,0.5555555555555556,0.5555555555555556
301,0.5555555555555556,0.5555555555555556,0.5555555555555556,0.5555555555555556
302,0.5555555555555556,0.5555555555555556,0.5555555555555556,0.5555555555555556
303,0.5555555555555556,0.5555555555555556,0.5555555555555556,0.5555555555555556
304,0.5555555555555556,0.5555555555555556,0.5555555555555556,0.5555555555555556
305,0.5555555555555556,0.5555555555555556,0.5555555555555556,0.5555555555555556
306,0.5555555555555556,0.5555555555555556,0.5555555555555556,0.5555555555555556
307,0.5555555555555556,0.5555555555555556,0.5555555555555556,0.5555555555555556
308,0.5555555555555556,0.5555555555555556,0.5555555555555556,0.5555555555555556
309,0.5555555555555556,0.5555555555555556,0.5555555555555556,0.5555555555555556
310,0.5555555555555556,0.5555555555555556,0.5555555555555556,0.5555555555555556
311,0.5555555555555556,0.5555555555555556,0.5555555555555556,0.5555555555555556
312,0.5555555555555556,0.5555555555555556,0.5555555555555556,0.5555555555555556
313,0.5555555555555556,0.5555555555555556,0.5555555555555556,0.5555555555555556
314,0.5555555555555556,0.5555555555555556,0.5555555555555556,0.5555555555555556
315,0.5555555555555556,0.5555555555555556,0.5555555555555556,0.5555555555555556
316,0.5555555555555556,0.5555555555555556,0.5555555555555556,0.5555555555555556
317,0.5555555555555556,0.5555555555555556,0.5555555555555556,0.5555555555555556
318,0.5555555555555556,0.5555555555555556,0.5555555555555556,0.5555555555555556
319,0.5555555555555556,0.5555555555555556,0.5555555555555556,0.5555555555555556
320,0.5555555555555556,0.1111111111111111,0.5555555555555556,0.5555555555555556
321,0.5555555555555556,0.1111111111111111,0.5555555555555556,0.5555555555555556
322,0.5555555555555556,0.1111111111111111,0.5555555555555556,0.5555555555555556
323,0.5555555555555556,0.1111111111111111,0.5555555555555556,0.5555555555555556
324,0.5555555555555556,0.1111111111111111,0.5555555555555556,0.5555555555555556
325,0.5555555555555556,0.1111111111111111,0.5555555555555556,0.5555555555555556
326,0.5555555555555556,0.1111111111111111,0.4444444444444444,0.5555555555555556
327,0.5555555555555556,0.5555555555555556,0.1111111111111111,0.5555555555555556
328,0.5555555555555556,0.6666666666666666,0.1111111111111111,0.5555555555555556
329,0.5555555555555556,0.6666666666666666,0.1111111111111111,0.5555555555555556
330,0.5555555555555556,0.6666666666666666,0.1111111111111111,0.5555555555555556
331,0.5555555555555556,0.6666666666666666,0.1111111111111111,0.5555555555555556
332,0.5555555555555556,0.6666666666666666,0.1111111111111111,0.5555555555555556
333,0.5555555555555556,0.6666666666666666,0.3333333333333333,0.5555555555555556
334,0.5555555555555556,0.6666666666666666,0.5555555555555556,0.5555555555555556
335,0.5555555555555556,0.6666666666666666,0.5555555555555556,0.5555555555555556
336,0.5555555555555556,0.6666666666666666,0.5555555555555556,0.5555555555555556
337,0.5555555555555556,0.6666666666666666,0.5555555555555556,0.5555555555555556
338,0.5555555555555556,0.6666666666666666,0.5555555555555556,0.5555555555555556
339,0.5555555555555556,0.5555555555555556,0.5555555555555556,0.5555555555555556
340,0.6666666666666666,0.6666666666666666,0.6666666666666666,0.5555555555555556
341,0.6666666666666666,0.6666666666666666,0.6666666666666666,0.5555555555555556
342,0.6666666666666666,0.5555555555555556,0.6666666666666666,0.6666666666666666
343,0.6666666666666666,0.5555555555555556,0.6666666666666666,0.6666666666666666
344,0.6666666666666666,0.5555555555555556,0.6666666666666666,0.6666666666666666
345,0.6666666666666666,0.6666666666666666,0.5555555555555556,0.6666666666666666
346,0.6666666666666666,0.6666666666666666,0.5555555555555556,0.6666666666666666
347,0.6666666666666666,0.6666666666666666,0.5555555555555556,0.6666666666666666
348,0.6666666666666666,0.6666666666666666,0.5555555555555556,0.6666666666666666
349,0.6666666666666666,0.6666666666666666,0.5555555555555556,0.6666666666666666
350,0.6666666666666666,0.6666666666666666,0.5555555555555556,0.6666666666666666
351,0.6666666666666666,0.6666666666666666,0.5555555555555556,0.6666666666666666
352,0.6666666666666666,0.6666666666666666,0.5555555555555556,0.6666666666666666
353,0.6666666666666666,0.6666666666666666,0.5555555555555556,0.6666666666666666
354,0.6666666666666666,0.6666666666666666,0.5555555555555556,0.6666666666666666
355,0.6666666666666666,0.6666666666666666,0.6666666666666666,0.6666666666666666
356,0.6666666666666666,0.6666666666666666,0.6666666666666666,0.6666666666666666
357,0.6666666666666666,0.6666666666666666,0.6666666666666666,0.6666666666666666
358,0.6666666666666666,0.6666666666666666,0.6666666666666666,0.6666666666666666
359,0.6666666666666666,0.6666666666666666,0.6666666666666666,0.6666666666666666
360,0.6666666666666666,0.6666666666666666,0.6666666666666666,0.6666666666666666
361,0.6666666666666666,0.6666666666666666,0.6666666666666666,0.6666666666666666
362,0.6666666666666666,0.6666666666666666,0.6666666666666666,0.6666666666666666
363,0.6666666666666666,0.6666666666666666,0.6666666666666666,0.6666666666666666
364,0.6666666666666666,0.6666666666666666,0.6666666666666666,0.6666666666666666
365,0.6666666666666666,0.6666666666666666,0.6666666666666666,0.6666666666666666
366,0.6666666666666666,0.6666666666666666,0.6666666666666666,0.6666666666666666
367,0.6666666666666666,0.6666666666666666,0.6666666666666666,0.6666666666666666
368,0.6666666666666666,0.6666666666666666,0.6666666666666666,0.6666666666666666
369,0.6666666666666666,0.6666666666666666,0.6666666666666666,0.6666666666666666
370,0.6666666666666666,0.6666666666666666,0.6666666666666666,0.6666666666666666
371,0.6666666666666666,0.6666666666666666,0.6666666666666666,0.6666666666666666
372,0.6666666666666666,0.6666666666666666,0.6666666666666666,0.6666666666666666
373,0.6666666666666666,0.6666666666666666,0.6666666666666666,0.6666666666666666
374,0.6666666666666666,0.6666666666666666,0.6666666666666666,0.6666666666666666
375,0.6666666666666666,0.6666666666666666,0.6666666666666666,0.6666666666666666
376,0.6666666666666666,0.6666666666666666,0.6666666666666666,0.6666666666666666
377,0.6666666666666666,0.6666666666666666,0.6666666666666666,0.6666666666666666
378,0.6666666666666666,0.6666666666666666,0.6666666666666666,0.6666666666666666
379,0.6666666666666666,0.6666666666666666,0.6666666666666666,0.6666666666666666
380,0.6666666666666666,0.6666666666666666,0.6666666666666666,0.6666666666666666
381,0.6666666666666666,0.6666666666666666,0.6666666666666666,0.6666666666666666
382,0.6666666666666666,0.6666666666666666,0.6666666666666666,0.6666666666666666
383,0.6666666666666666,0.6666666666666666,0.6666666666666666,0.6666666666666666
384,0.6666666666666666,0.6666666666666666,0.6666666666666666,0.6666666666666666
385,0.6666666666666666,0.6666666666666666,0.6666666666666666,0.6666666666666666
386,0.6666666666666666,0.6666666666666666,0.6666666666666666,0.6666666666666666
387,0.6666666666666666,0.6666666666666666,0.6666666666666666,0.6666666666666666
388,0.6666666666666666,0.6666666666666666,0.6666666666666666,0.6666666666666666
389,0.6666666666666666,0.6666666666666666,0.6666666666666666,0.6666666666666666
390,0.6666666666666666,0.5555555555555556,0.6666666666666666,0.6666666666666666
391,0.6666666666666666,0.5555555555555556,0.6666666666666666,0.6666666666666666
392,0.6666666666666666,0.5555555555555556,0.6666666666666666,0.6666666666666666
393,0.6666666666666666,0.6666666666666666,0.6666666666666666,0.6666666666666666
394,0.6666666666666666,0.6666666666666666,0.6666666666666666,0.6666666666666666
395,0.6666666666666666,0.6666666666666666,0.6666666666666666,0.6666666666666666
396,0.6666666666666666,0.6666666666666666,0.6666666666666666,0.6666666666666666
397,0.6666666666666666,0.6666666666666666,0.6666666666666666,0.6666666666666666
398,0.6666666666666666,0.6666666666666666,0.5555555555555556,0.6666666666666666
399,0.6666666666666666,0.5555555555555556,0.5555555555555556,0.6666666666666666
400,0.6666666666666666,0.5555555555555556,0.5555555555555556,0.6666666666666666
401,0.6666666666666666,0.5555555555555556,0.5555555555555556,0.6666666666666666
402,0.6666666666666666,0.5555555555555556,0.5555555555555556,0.6666666666666666
403,0.6666666666666666,0.5555555555555556,0.5555555555555556,0.6666666666666666
404,0.6666666666666666,0.5555555555555556,0.5555555555555556,0.6666666666666666
405,0.6666666666666666,0.5555555555555556,0.5555555555555556,0.6666666666666666
406,0.6666666666666666,0.5555555555555556,0.5555555555555556,0.6666666666666666
407,0.6666666666666666,0.6666666666666666,0.5555555555555556,0.6666666666666666
408,0.6666666666666666,0.6666666666666666,0.5555555555555556,0.6666666666666666
409,0.6666666666666666,0.8888888888888888,0.5555555555555556,0.6666666666666666
410,0.6666666666666666,0.8888888888888888,0.5555555555555556,0.6666666666666666
411,0.6666666666666666,0.8888888888888888,0.5555555555555556,0.6666666666666666
412,0.6666666666666666,0.6666666666666666,0.5555555555555556,0.6666666666666666
413,0.6666666666666666,0.8888888888888888,0.5555555555555556,0.6666666666666666
414,0.6666666666666666,0.8888888888888888,0.5555555555555556,0.6666666666666666
415,0.6666666666666666,0.6666666666666666,0.5555555555555556,0.6666666666666666
416,0.6666666666666666,0.8888888888888888,0.5555555555555556,0.6666666666666666
417,0.6666666666666666,0.6666666666666666,0.6666666666666666,0.6666666666666666
418,0.6666666666666666,0.6666666666666666,0.6666666666666666,0.6666666666666666
419,0.6666666666666666,0.6666666666666666,0.6666666666666666,0.6666666666666666
420,0.6666666666666666,0.6666666666666666,0.6666666666666666,0.6666666666666666
421,0.6666666666666666,0.6666666666666666,0.6666666666666666,0.6666666666666666
422,0.6666666666666666,0.6666666666666666,0.6666666666666666,0.6666666666666666
423,0.6666666666666666,0.6666666666666666,0.6666666666666666,0.6666666666666666
424,0.6666666666666666,0.6666666666666666,0.6666666666666666,0.6666666666666666
425,0.6666666666666666,0.6666666666666666,0.6666666666666666,0.6666666666666666
426,0.6666666666666666,0.6666666666666666,0.6666666666666666,0.6666666666666666
427,0.6666666666666666,0.6666666666666666,0.6666666666666666,0.6666666666666666
428,0.6666666666666666,0.6666666666666666,0.6666666666666666,0.6666666666666666
429,0.6666666666666666,0.6666666666666666,0.6666666666666666,0.6666666666666666
430,0.6666666666666666,0.6666666666666666,0.6666666666666666,0.6666666666666666
431,0.6666666666666666,0.6666666666666666,0.6666666666666666,0.6666666666666666
432,0.6666666666666666,0.6666666666666666,0.6666666666666666,0.6666666666666666
433,0.6666666666666666,0.6666666666666666,0.6666666666666666,0.6666666666666666
434,0.6666666666666666,0.6666666666666666,0.6666666666666666,0.6666666666666666
435,0.6666666666666666,0.6666666666666666,0.6666666666666666,0.6666666666666666
436,0.6666666666666666,0.6666666666666666,0.6666666666666666,0.6666666666666666
437,0.6666666666666666,0.6666666666666666,0.6666666666666666,0.6666666666666666
438,0.6666666666666666,0.6666666666666666,0.6666666666666666,0.6666666666666666
439,0.6666666666666666,0.6666666666666666,0.6666666666666666,0.6666666666666666
440,0.6666666666666666,0.6666666666666666,0.6666666666666666,0.6666666666666666
441,0.6666666666666666,0.6666666666666666,0.6666666666666666,0.6666666666666666
442,0.6666666666666666,0.6666666666666666,0.6666666666666666,0.6666666666666666
443,0.6666666666666666,0.6666666666666666,0.6666666666666666,0.6666666666666666
444,0.6666666666666666,0.6666666666666666,0.6666666666666666,0.6666666666666666
445,0.6666666666666666,0.6666666666666666,0.6666666666666666,0.6666666666666666
446,0.6666666666666666,0.6666666666666666,0.6666666666666666,0.6666666666666666
447,0.6666666666666666,0.5555555555555556,0.6666666666666666,0.6666666666666666
448,0.6666666666666666,0.5555555555555556,0.6666666666666666,0.6666666666666666
449,0.6666666666666666,0.7777777777777778,0.6666666666666666,0.6666666666666666
450,0.6666666666666666,0.7777777777777778,0.6666666666666666,0.6666666666666666
451,0.6666666666666666,0.7777777777777778,0.6666666666666666,0.6666666666666666
452,0.6666666666666666,0.8888888888888888,0.6666666666666666,0.6666666666666666
453,0.6666666666666666,0.8888888888888888,0.6666666666666666,0.6666666666666666
454,0.6666666666666666,0.8888888888888888,0.5555555555555556,0.6666666666666666
455,0.6666666666666666,0.6666666666666666,0.5555555555555556,0.6666666666666666
456,0.6666666666666666,0.8888888888888888,0.5555555555555556,0.6666666666666666
457,0.6666666666666666,0.6666666666666666,0.5555555555555556,0.6666666666666666
458,0.6666666666666666,0.8888888888888888,0.5555555555555556,0.6666666666666666
459,0.6666666666666666,0.8888888888888888,0.5555555555555556,0.6666666666666666
460,0.6666666666666666,0.8888888888888888,0.5555555555555556,0.6666666666666666
461,0.6666666666666666,0.6666666666666666,0.6666666666666666,0.6666666666666666
462,0.6666666666666666,0.6666666666666666,0.6666666666666666,0.6666666666666666
463,0.6666666666666666,0.8888888888888888,0.6666666666666666,0.6666666666666666
464,0.6666666666666666,0.8888888888888888,0.6666666666666666,0.6666666666666666
465,0.6666666666666666,0.8888888888888888,0.6666666666666666,0.6666666666666666
466,0.6666666666666666,0.8888888888888888,0.6666666666666666,0.6666666666666666
467,0.6666666666666666,0.8888888888888888,0.6666666666666666,0.6666666666666666
468,0.6666666666666666,0.6666666666666666,0.6666666666666666,0.6666666666666666
469,0.6666666666666666,0.6666666666666666,0.6666666666666666,0.6666666666666666
470,0.6666666666666666,0.6666666666666666,0.6666666666666666,0.6666666666666666
471,0.6666666666666666,0.6666666666666666,0.6666666666666666,0.6666666666666666
472,0.6666666666666666,0.6666666666666666,0.6666666666666666,0.6666666666666666
473,0.6666666666666666,0.6666666666666666,0.6666666666666666,0.6666666666666666
474,0.6666666666666666,0.6666666666666666,0.6666666666666666,0.6666666666666666
475,0.6666666666666666,0.6666666666666666,0.6666666666666666,0.6666666666666666
476,0.6666666666666666,0.5555555555555556,0.6666666666666666,0.6666666666666666
477,0.6666666666666666,0.8888888888888888,0.6666666666666666,0.6666666666666666
478,0.6666666666666666,0.8888888888888888,0.6666666666666666,0.6666666666666666
479,0.6666666666666666,0.8888888888888888,0.6666666666666666,0.6666666666666666
480,0.6666666666666666,0.8888888888888888,0.6666666666666666,0.6666666666666666
481,0.6666666666666666,0.8888888888888888,0.5555555555555556,0.6666666666666666
482,0.6666666666666666,0.6666666666666666,0.5555555555555556,0.6666666666666666
483,0.6666666666666666,0.5555555555555556,0.5555555555555556,0.6666666666666666
484,0.6666666666666666,0.8888888888888888,0.5555555555555556,0.6666666666666666
485,0.6666666666666666,0.8888888888888888,0.5555555555555556,0.6666666666666666
486,0.6666666666666666,0.5555555555555556,0.5555555555555556,0.6666666666666666
487,0.6666666666666666,0.5555555555555556,0.5555555555555556,0.6666666666666666
488,0.6666666666666666,0.5555555555555556,0.5555555555555556,0.6666666666666666
489,0.6666666666666666,0.5555555555555556,0.5555555555555556,0.6666666666666666
490,0.6666666666666666,0.6666666666666666,0.5555555555555556,0.6666666666666666
491,0.6666666666666666,0.6666666666666666,0.5555555555555556,0.6666666666666666
492,0.6666666666666666,0.6666666666666666,0.5555555555555556,0.6666666666666666
493,0.6666666666666666,0.6666666666666666,0.5555555555555556,0.6666666666666666
494,0.6666666666666666,0.6666666666666666,0.5555555555555556,0.6666666666666666
495,0.6666666666666666,0.6666666666666666,0.5555555555555556,0.6666666666666666
496,0.6666666666666666,0.6666666666666666,0.5555555555555556,0.6666666666666666
497,0.6666666666666666,0.6666666666666666,0.5555555555555556,0.6666666666666666
498,0.6666666666666666,0.6666666666666666,0.5555555555555556,0.6666666666666666
499,0.6666666666666666,0.6666666666666666,0.6666666666666666,0.6666666666666666
500,0.6666666666666666,0.6666666666666666,0.6666666666666666,0.6666666666666666
501,0.6666666666666666,0.6666666666666666,0.6666666666666666,0.6666666666666666
502,0.6666666666666666,0.6666666666666666,0.6666666666666666,0.6666666666666666
503,0.6666666666666666,0.6666666666666666,0.6666666666666666,0.6666666666666666
504,0.6666666666666666,0.6666666666666666,0.6666666666666666,0.6666666666666666
505,0.6666666666666666,0.6666666666666666,0.6666666666666666,0.6666666666666666
506,0.6666666666666666,0.8888888888888888,0.6666666666666666,0.6666666666666666
507,0.6666666666666666,0.8888888888888888,0.6666666666666666,0.6666666666666666
508,0.6666666666666666,0.8888888888888888,0.6666666666666666,0.6666666666666666
509,0.6666666666666666,0.8888888888888888,0.6666666666666666,0.6666666666666666
510,0.6666666666666666,0.8888888888888888,0.6666666666666666,0.6666666666666666
511,0.6666666666666666,0.8888888888888888,0.6666666666666666,0.6666666666666666
512,0.6666666666666666,0.8888888888888888,0.6666666666666666,0.6666666666666666
513,0.6666666666666666,0.8888888888888888,0.8888888888888888,0.6666666666666666
514,0.6666666666666666,0.8888888888888888,0.8888888888888888,0.6666666666666666
515,0.6666666666666666,0.8888888888888888,0.8888888888888888,0.8888888888888888
516,0.6666666666666666,0.8888888888888888,0.8888888888888888,0.8888888888888888
517,0.6666666666666666,0.8888888888888888,0.8888888888888888,0.8888888888888888
518,0.6666666666666666,0.8888888888888888,0.8888888888888888,0.8888888888888888
519,0.6666666666666666,0.8888888888888888,0.8888888888888888,0.8888888888888888
520,0.6666666666666666,0.8888888888888888,0.8888888888888888,0.8888888888888888
521,0.6666666666666666,0.8888888888888888,0.8888888888888888,0.8888888888888888
522,0.6666666666666666,0.7777777777777778,0.8888888888888888,0.8888888888888888
523,0.6666666666666666,0.7777777777777778,0.8888888888888888,0.8888888888888888
524,0.6666666666666666,0.7777777777777778,0.8888888888888888,0.8888888888888888
525,0.6666666666666666,0.7777777777777778,0.8888888888888888,0.8888888888888888
526,0.6666666666666666,0.7777777777777778,0.8888888888888888,0.8888888888888888
527,0.6666666666666666,0.7777777777777778,0.8888888888888888,0.8888888888888888
528,0.6666666666666666,0.7777777777777778,0.7777777777777778,0.8888888888888888
529,0.6666666666666666,0.7777777777777778,0.7777777777777778,0.8888888888888888
530,0.6666666666666666,0.7777777777777778,0.7777777777777778,0.8888888888888888
531,0.6666666666666666,0.5555555555555556,0.7777777777777778,0.8888888888888888
532,0.6666666666666666,0.5555555555555556,0.7777777777777778,0.8888888888888888
533,0.6666666666666666,0.5555555555555556,0.7777777777777778,0.8888888888888888
534,0.6666666666666666,0.5555555555555556,0.7777777777777778,0.8888888888888888
535,0.6666666666666666,0.5555555555555556,0.5555555555555556,0.8888888888888888
536,0.6666666666666666,0.8888888888888888,0.5555555555555556,0.8888888888888888
537,0.6666666666666666,0.8888888888888888,0.5555555555555556,0.8888888888888888
538,0.6666666666666666,0.8888888888888888,0.5555555555555556,0.8888888888888888
539,0.6666666666666666,0.8888888888888888,0.5555555555555556,0.8888888888888888
540,0.6666666666666666,0.8888888888888888,0.5555555555555556,0.8888888888888888
541,0.6666666666666666,0.8888888888888888,0.7777777777777778,0.8888888888888888
542,1.0,0.8888888888888888,0.7777777777777778,0.8888888888888888
543,1.0,0.8888888888888888,0.7777777777777778,0.8888888888888888
544,1.0,0.8888888888888888,0.7777777777777778,0.8888888888888888
545,1.0,0.8888888888888888,0.8888888888888888,0.8888888888888888
546,1.0,0.8888888888888888,0.8888888888888888,0.8888888888888888
547,1.0,0.8888888888888888,0.8888888888888888,1.0
548,1.0,0.8888888888888888,0.8888888888888888,1.0
549,1.0,0.8888888888888888,0.8888888888888888,1.0
550,1.0,0.8888888888888888,0.8888888888888888,1.0
551,1.0,0.8888888888888888,0.8888888888888888,1.0
552,1.0,1.0,0.8888888888888888,1.0
553,1.0,1.0,0.8888888888888888,1.0
554,1.0,1.0,0.8888888888888888,1.0
555,1.0,1.0,0.8888888888888888,1.0
556,1.0,1.0,0.8888888888888888,1.0
